主题,标题,日期,小红书封面,小红书文案,小红书分享图,小红书链接,飞书文档链接,标签
一文读懂RAG基础架构,一文读懂RAG基础架构 Day42/100,2025/10/11,小红书封面 Day42.png,"RAG （Retrieval-Augmented Generation，检索增强生成）是一种结合了检索和生成的技术，能够从外部知识库中检索相关信息，并结合生成模型（如 LLM）生成更准确、更相关的回答。现在已经能够通过零代码平台轻松搭建一个自己的RAG机器人，但要搭建企业落地水平的RAG机器人，需要真正学透RAG的知识。本文是RAG系列知识第一篇笔记，介绍朴素RAG的结构。
1. 为什么需要 RAG？
RAG解决了企业问答机器人的三大痛点：
实时性：LLM 数据在训练完成时截止，但 RAG 能实时拉取新信息，避免回答过时。
私有化数据：企业数据不在 LLM 训练集，但 RAG 可安全检索私有库，不用训模型。
幻觉问题：LLM 易编错信息，但 RAG 让回答基于真实检索结果，减少错误。
2. RAG 的核心三阶段：索引-检索-生成
索引（Index，离线准备）：原始数据（PDF/HTML 等多种数据）先被提取并清洗为纯文本，再分块适配模型上下文，接着用嵌入模型转向量，最终以 “文本块 - 向量” 键值对存为索引，支撑后续高效搜索。
检索（Retrieve，在线匹配）：用户 Query 用嵌入模型转为文本向量，与向量数据库中的向量计算相似度，取 Top-K 最相关文本块，作为生成回答的 “参考文档”。
生成（Generation，智能输出）：把用户 Query、检索到的Top-K 文本块整合成提示词，输入给大模型；模型可结合自身参数知识和基于检索到的文本知识，推理生成贴合需求的连贯回应。
3. 三个阶段的主要环节
索引阶段通常是一个离线的过程，主要是将私域数据向量化后构建索引并存入数据库的过程。主要包括：知识收集与数据提取、文本切分、向量化、数据入库等环节。
检索阶段通常是一个在线的实时过程，核心是根据用户即时输入的问题，在已构建的知识库中快速定位并召回最相关的参考信息。主要包括：用户Query向量化、相似度计算、结果排序与筛选等环节。
生成阶段通常是一个动态的推理过程，其本质是将用户原始问题与检索到的上下文信息进行整合，并引导大模型产出结构化、有依据的最终回复。主要包括：提示词构造、大模型调用、结果输出与校验等环节。
本笔记提供了一个基础的 RAG 流程，我们能构建出一个有基础功能的RAG机器人。但其功能简单，还远未发挥出RAG的真实实力，下一节，我们将继续深入，学习“先进RAG”的基本框架。","Day42 Naive RAG 的核心三阶段：索引-检索-生成.png,Day42 朴素 RAG 的检索-生成阶段.png,Day42 RAG 基础介绍.png,Day42 朴素 RAG 的索引阶段.png,Day42 Naive RAG 思维导图与小结.png",,,
智能体的上下文工程,AI智能体的“内存管理”艺术：上下文工程 Day41/100,2025/09/10,小红书封面 Day41.png,"AI Agent上下文工程（Context Engineering）不是简单的写提示词，而是构建智能体的“操作系统”。
我们可以将大模型（LLM）想象成CPU，这时它的上下文窗口就是RAM。而上下文工程，就是这个系统的“内存管理器”。它的任务不是把所有数据塞满RAM，而是像精密的调度算法一样，精准地决定哪些信息该加载、哪些该换出、哪些该优先处理。
为什么这么重要？
当AI输出不符合预期时，问题根源往往不是模型本身不够聪明，而是它“没收到关键信息”。模型不会读心术，缺失上下文会导致它做出错误假设，甚至产生幻觉。一个能动态组装恰当上下文的系统，其效果远胜于一个“更聪明”的模型。
举个直观的例子：
缺失上下文：收到邮件“明天有空聚一下吗？”，AI只会机械回复“我明天有空，请问约几点？”。
充足上下文：如果AI提前获取了你的日历（明天已满）、发件人身份（重要合作伙伴Jim）、过往沟通风格（非正式），它就能给出高效回应：“Hi Jim！我明天日程满了，周四上午有空，你看方便吗？我发了个暂定邀请，时间合适请确认。”
但这只是开始。更大的挑战是“上下文退化”。当任务复杂、对话轮次变多时，如果一股脑把所有历史都塞给模型，反而会带来灾难：
1. 上下文混淆：冗余信息干扰模型，让它偏离正确轨道。
2. 上下文污染：早期的错误或幻觉会累积，导致后续输出越来越不准。
3. 上下文分心：模型过度依赖旧信息，无法根据新情况更新。
4. 上下文冲突：不同来源的信息自相矛盾，让模型无所适从。
那么，如何应对这些挑战？现在已有四大核心策略：
1. 写入：把信息存到上下文窗口之外，需要时再取用。比如“便签”记录当前计划，“记忆”保存长期经验，避免每次对话都从零开始。
2. 选择：从便签、记忆、工具、知识等信息中精准挑选最关键的信息注入上下文。
3. 压缩：在信息进入窗口前进行提炼。常用方法是“总结”，把冗余的对话浓缩成几句精炼的信息；或者“裁剪”，直接删掉不重要的早期内容。
4. 隔离：在架构层面做切割。最流行的是“多智能体”，让每个智能体都拥有独立的上下文窗口，只在必要时交换要点。另一种是“环境隔离”，比如让代码智能体在沙盒里运行，只把结果传回给主模型。
本篇笔记我们从“找一句完美prompt”模板到“设计一套动态组装上下文的系统”，这是AI应用从Demo走向工业级的核心转变，下一篇笔记将进入 RAG 章节。","Day41 智能体上下文工程思维导图.png,Day41 上下文工程的两个示例.png,Day41 AI智能体的上下文工程.png,Day41 智能体上下文工程的四种策略.png",https://www.xiaohongshu.com/discovery/item/68e0ee650000000005012a3a?source=webshare&xhsshare=pc_web&xsec_token=ABQCnaWiNy_Hu6QueYsiVqYfm79nJHF2tVwQlxAO48rF8=&xsec_source=pc_share,【Day41】 智能体的上下文工程,
上下文工程,上下文工程 Day40/100,2025/09/09,小红书封面 Day40.png,"一次与AI良好的对话应该包括 提示词+上下文。
提示词 = 你想让 AI 帮你做什么
上下文 = 是你希望 AI 在何种背景、前提、或约束下完成这件事。
在一次有效的沟通中，两者缺一不可，并且在大多数情况下，上下文会比提示词更重要
        
为什么需要上下文工程（Context Engineering）？
我们需要了解 AI 工作的一个基本逻辑：在一个独立的对话窗口中，当 AI 回答你的最新问题时，此前所有的聊天记录都会被打包，作为“上下文”一同提交给它，AI 正是依据这些历史信息，来理解你当前问题的背景。
        
什么是上下文窗口？
上下文并不是无限长的，有一定长度限制。当总上下文长度超过窗口限制时，AI""忘记""了前面的讨论，这就是上下文管理失效的典型表现。
[系统提示] + [历史对话] + [当前输入] = 总上下文
        
上下文窗口提出了一个系统性的解决思路：不是让AI记住所有信息，而是让它在每个时刻都能获得最重要的信息。
        
上下文窗口有几种相关技术：
（1）检索增强生成（RAG）
让AI能够从庞大的知识库中""查找""相关信息，就像给AI配备了一个智能图书馆。当你问一个专业问题时，系统会先检索相关资料，然后将这些信息连同你的问题一起提供给AI，大大提升了回答的准确性和深度。
（2）上下文学习
通过在输入中提供示例，AI能够快速""学会""新的任务模式。比如，如果你想让AI写出特定风格的邮件，你只需要提供几个示例，AI就能模仿这种风格处理新的邮件需求，无需重新训练模型。
（3）动态上下文管理
解决了长对话中的信息管理问题。想象一下客服场景，随着对话的进行，重要信息可能被淹没在冗长的对话历史中。智能的上下文管理系统会识别并保留关键信息，丢弃不相关的内容，确保AI始终能关注到最重要的信息。核心策略：滑动窗口 + 关键信息保留，这个与计算机视觉中大场景下识别小地物异曲同工，通过滑动窗口来提取特征。
        
提示词工程与上下文工程的区别
提示词工程
在许多商业应用中，AI 的输出必须高度稳定和可靠。提示词工程研究的就是如何设计出结构精巧、逻辑严谨的提示词模板，确保在各种情况下都能获得稳定、高质量的输出。它包含了大量的最佳实践和方法论。
        
上下文工程
相比于提示词工程，更侧重于“信息环境的架构设计”智能体的“记忆”和“工具”都会提供上下文。但大模型的上下文窗口是有限且宝贵的，不能无脑地将所有信息都塞给它。上下文工程研究的正是如何高效地管理和供给信息。",Day40 上下文工程.png,https://www.xiaohongshu.com/discovery/item/68df81970000000004021e2d?source=webshare&xhsshare=pc_web&xsec_token=ABVmk8tX9vdYTdGd_cWOlZqB1hn5hVCRaSnadctAR95K0=&xsec_source=pc_share,【Day40】上下文工程,
十三种 Prompt 基本技巧,十三种 Prompt 基本技巧 Day39/100,2025/09/08,小红书封面 Day39.png,"本学习笔记介绍 Prompt 的基本技巧，它们不是直接可套用的提示词模版，但学会了这些技巧，犹如钓鱼佬知道鱼在哪儿、怎么钓，对未来自己撰写提示词时非常有帮助。我们将技巧分为四层：
第一层：基础层 - 精准表达，有效沟通
目标： 学会清晰、无歧义地向模型传达指令。
Zero-shot（零样本提示）：在不提供任何示例的情况下，直接让模型根据任务描述生成结果，考验模型对任务的通用理解能力。
One/Few-shot（单/少量样本提示）：给模型提供 1 个或少量几个示例，让模型参考示例的模式来完成任务，帮助模型更好地把握输出风格、格式等。
第二层：进阶层 - 引导推理，激发智慧
目标： 引导模型进行复杂思考，并学会诊断和优化提示词本身。
CoT 思维链：引导模型像人类一样逐步思考，把复杂问题拆解成多个步骤，通过展示思考过程来提高推理的准确性。
自我一致性：对同一个问题生成多个不同的推理路径，然后通过投票等方式选择最一致的答案，提升结果的可靠性。
生成知识提示：先让模型生成与任务相关的知识，再基于这些生成的知识来完成任务，补充模型可能缺失的背景知识。
方向性刺激提示：通过定义特定的引导性语言（关键词），给模型一个明确的方向，促使模型生成符合预期的内容。
逆向提示词：通过分析 AI 生成的输出结果，反向推导并优化初始提示词，以此帮助使用者理解提示词与输出效果之间的关联
第三层：高级层 - 自主规划，协同外部
目标： 让模型具备规划、使用工具和自我反思的能力。
ReAct 框架：将推理和行动结合起来，让模型在推理过程中根据需要采取行动（如调用工具）。
自动推理并使用工具 (ART)：模型能够自动判断是否需要使用外部工具（如搜索引擎、计算器等），并自主调用工具来辅助完成任务。
自我反思 Reflexion：模型能够对自己的输出进行反思，找出错误并进行修正，不断优化结果。
第四层：专家层 - 元技巧，优化系统本身
目标： 自动化提示工程的构建和优化过程。
思维树 (ToT)：将问题分解成多个分支，像树一样展开可能的思考路径，探索不同的解决方向，适合复杂的决策类问题。
自动思维链（Auto-CoT）：无需人工设计思维链示例，模型能自动生成思维链来进行推理，简化了思维链提示的构建过程。
自动提示工程师 (APE)：利用模型自身来自动生成、优化或筛选提示词，目的是提高语言模型在特定任务中的灵活性与性能。","Day39 Prompt 基本技巧 6.png,Day39 Prompt 基本技巧 8.png,Day39 Prompt 基本技巧 7.png,Day39 Prompt 基本技巧 5.png,Day39 Prompt 基本技巧 13.png,Day39 Prompt 基本技巧 4.png,Day39 Prompt 基本技巧 12.png,Day39 Prompt 基本技巧 3.png,Day39 Prompt 基本技巧 11.png,Day39 Prompt 基本技巧 1 .png,Day39 Prompt 基本技巧 2.png,Day39 Prompt 基本技巧 10.png,Day39 Prompt 基本技巧 9.png,Prompt 基本技巧 Day39.png",https://www.xiaohongshu.com/discovery/item/68daa8de000000001302829b?source=webshare&xhsshare=pc_web&xsec_token=ABO296zmS9VuPxzCdLwgT3AxC8CQ5MNNG3gEw8I-ip0J4=&xsec_source=pc_share,【Day39】十三种 Prompt 基本技巧,
Prompt 与 Prompt 工程,Prompt 与 Prompt 工程 Day38/100,2025/09/07,小红书封面 Day38.png,"本学习笔记不介绍具体的 Prompt 框架和示例，“授人以渔不如授人以渔”，只为了真正了解如何写 Prompt。
一、什么是 Prompt？
Prompt是人与AI交互的桥梁，本质上是一种""触发器""，通过精心设计的指令引导AI模型产生预期输出。就像我们委托他人完成任务时需要清晰表达需求一样，与AI沟通同样需要精准的表达。
二、System Prompt 与 User Prompt
System Prompt如同给AI的""行为手册""，定义AI的身份、说话方式和能力边界；User Prompt是我们向AI提出的具体需求。
三、Prompt工程的实践逻辑
Prompt工程是系统性设计、优化和测试提示词的实践，核心在于通过精准的指令设计，让AI稳定输出符合预期的结果。这一过程强调系统性、可复现性和目标导向。
写 Prompt 时有两个不成文的规定：
1. 采用Markdown语言标记，便于人和计算机理解
2. 输出格式结构化，通常使用JSON格式，便于后续处理
（结构化输出能将自然语言转换为机器易处理的数据格式，使其他应用能基于这些信息做出智能响应。）
四、Prompt优化路径
提示词调试是逐步优化的过程，应遵循从简单到复杂、从模糊到清晰的思路：
1. 普通口语描述：快速验证基本需求理解
2. 结构化提示词：明确角色、任务、目标和限制
3. Chain-of-Thought推理：引导AI逐步思考
4. Few-Shot示例：通过典型样例增强理解
5. 避免常见错误：明确说明""不要怎么做""
在实践中，可根据需求添加约束条件，如鼓励创造力、注重讲故事、使用有说服力的语言等，使AI输出更符合预期。
在下一篇，我们将介绍十三类 Prompt 的基本技巧，帮助你更深层次理解 Prompt 能做哪些事。",Day38 Prompt 与 Prompt 工程.png,https://www.xiaohongshu.com/discovery/item/68d8070c000000000b012530?source=webshare&xhsshare=pc_web&xsec_token=ABAcm3u0rpSOeXIYIEiEXxrPMc_IoDmQsrs8kyNAcpcZE=&xsec_source=pc_share,【Day38】AI应用技术——Prompt 与Prompt工程,
GPT 是如何训练出来的？,GPT 是如何训练出来的？ Day37/100,2025/09/06,小红书封面 Day37.png,"GPT 并非天生智能，它的能力是通过系统化、分阶段的训练工程逐步构建的。整个过程可概括为三个核心阶段：预训练、监督微调（SFT）、人类反馈强化学习（RLHF）。每一步都不可或缺，共同塑造了模型的语言能力、指令遵循能力和价值观对齐能力。
第一阶段：预训练——让模型“学会语言”
这是最基础、最耗资源的阶段。模型通过阅读海量互联网文本（如网页、书籍、代码等）学习语言的结构和规律。数据规模可达数万亿词，需经过清洗去重、过滤低质或有害内容。模型架构采用 Transformer 的解码器结构，核心机制是自注意力，使模型能理解长距离语义依赖。训练任务是“自回归语言建模”：给定前面的词，预测下一个词。通过极大似然估计优化参数，模型最终掌握语法、常识和初步推理能力，成为“通才”。
第二阶段：监督微调（SFT）——让模型“听懂人话”
预训练后的模型虽能流畅生成文本，但未必能按人类意图执行任务。SFT 阶段通过高质量的“指令-回答”对进行微调，教会模型遵循具体指令。例如：“写一首关于春天的诗”对应一首结构完整、意境优美的诗句。这个阶段数据量不大，但质量要求极高，通常由人工精心编写或筛选。微调后，模型从“自由发挥”转变为“按需输出”，实用性大幅提升。
第三阶段：人类反馈强化学习（RLHF）——让模型“说人爱听的话”
这是让模型真正“有情商”的关键一步。RLHF 分为三步：首先，收集人类偏好数据——对同一提示生成多个回答，由人类标注哪个更好；其次，训练奖励模型（RM），它能为任意回答打分，反映人类偏好；最后，用强化学习算法（如 PPO）优化主模型，使其生成的回答在 RM 评分上更高，同时用 KL 散度约束，防止模型偏离原始语言能力或“钻空子”。
RLHF 的本质是将人类的主观偏好转化为可优化的数学目标。它不要求人类写出完美答案，只需判断优劣，大大降低了标注成本。经过 RLHF，模型输出更安全、有用、符合人类价值观。
近年来，DPO 等新方法兴起，它跳过奖励模型和强化学习，直接用偏好数据优化策略，更稳定、高效，成为研究热点。
整个训练过程可能多轮迭代，辅以安全性测试、红队攻防等环节，最终部署为产品。训练成本极高，需数千张 GPU，耗时数周至数月。
总结：GPT 的成长路径是“读万卷书 → 听懂人话 → 说人爱听的话”。它不是魔法，而是工程、数据与人类智慧的结晶。理解其训练逻辑，才能更理性地使用和引导 AI。","Day37 如何训练一个GPT模型（1）.png,Day37 如何训练一个GPT模型（2）.png",https://www.xiaohongshu.com/discovery/item/68cd805f000000000b03cb19?source=webshare&xhsshare=pc_web&xsec_token=YBTJJxDzbfOhb3nz8eavVcHYxZjqvVZu5s8Gke3jNsfMc=&xsec_source=pc_share,【Day37】GPT 是如何训练出来的？,
ChatGPT 今生 （从GPT-4至GPT-5）,ChatGPT 今生 （从GPT-4至GPT-5） Day36/100,2025/09/05,小红书封面 Day36.png,"自 GPT-4 于 2023 年横空出世，大模型的能力边界便被不断刷新——从文本到图像，从单轮问答到多模态实时交互，从“工具”进化为“伙伴”。
        
GPT-4（2023 年）
模态突破：第一次支持多模态输入，能够接收文本和图像信息并输出文本内容。
上下文与优化：上下文窗口拓展到 8K 至 32K tokens，知识更新至 2023 年数据，同时借助 RLHF 进一步优化了安全性和回答的一致性，降低了模型幻觉问题出现的概率。
专业能力：可以通过律师资格考试、数学竞赛等专业领域测试，在代码生成、创意写作等方面有着突出表现。
        
GPT-4 Turbo（2023 年底）
性能优化：与 GPT-4 架构相同，但在推理速度、成本和能耗方面进行了优化，API 调用更便宜、更快。
上下文增强：支持最高 128K tokens 的上下文输入，是当时最长的上下文窗口。
产品化：广泛应用于 ChatGPT Plus 订阅服务，使长文本处理与多轮对话更加流畅。
        
GPT-4.5（2024 年初）
推理能力：在逻辑推理和长链条思维任务上比 GPT-4 显著提升，能够更好地分解复杂问题。
多模态扩展：图像理解与描述能力增强，对复杂图表、截图等输入有更稳健的解析能力。
上下文与工具：继续强化与外部工具（如代码执行、搜索）的结合，为后续 GPT-5 的深度推理奠定基础。
        
GPT-4o（2024 年 5 月）
全模态交互：首个真正意义上的全模态模型，支持文本、图像、音频、视频的实时输入输出，不仅能理解，还能生成多模态内容。
实时性突破：延迟降低到毫秒级，可实现近乎同步的语音对话与图像识别交互，是 AI 从“助手”迈向“伴随式交互”的关键一步。
语音与情感：能够生成带有语调、情绪的语音回复，更自然地模拟人类对话体验。
        
GPT-5（2025 年）
架构与系统设计：采用统一架构，包含高吞吐量模型、深度推理模型与实时路由器，能够在日常快速响应和复杂任务的长时推理之间动态切换，提升效率与可靠性。
能力提升：在多模态任务（文本+图像）和软件工程场景中表现显著提升，推出专门的 GPT-5-Codex 以优化代码生成、调试与审查，同时在医学与科学问答基准上准确率和稳健性均超越前代。
专业回答优化：在回答税务、医疗、运动健身等专业问题时，GPT-5 能够给出更加专业简明且系统化的解答，更像专家级顾问。
        
GPT4-GPT5进化路径和全方面对比见图片","Day36 GPT4 至 GPT5 的进化之路.png,Day36 GPT4 至 GPT5 全方面对比.png",https://www.xiaohongshu.com/discovery/item/68cc13b700000000120308b4?source=webshare&xhsshare=pc_web&xsec_token=ABun9PlVRluPqJ4swgR2G_mi6sBnvCNBS859gWwlMLhjg=&xsec_source=pc_share,【Day36】ChatGPT的今生,
ChatGPT 前世 （从GPT-1至GPT-3.5）,ChatGPT 前世 （从GPT-1至GPT-3.5） Day35/100,2025/09/04,小红书封面 Day35.png,"在 ChatGPT 横空出世之前，大语言模型的发展已经历了数次重要迭代。从 GPT-1 的“预训练+微调”雏形，到 GPT-2 展现出的流畅生成，再到 GPT-3 的少样本学习突破，以及 GPT-3.5 与 RLHF 技术带来的对话体验优化，每一步都在为 ChatGPT 的出现铺路。理解这段演进历程，有助于我们看清 ChatGPT 之前 GPT 的积累与演化。
GPT-1（2018 年）
架构与训练范式：采用了 Transformer 的解码器架构，首次引入 “预训练 + 微调” 的模式，通过无监督预训练来学习语言知识，再利用微调去适配像问答、分类等下游任务。
参数与数据：参数数量为 1.17 亿，训练数据源于 BooksCorpus，容量大约是 5GB 文本。
性能特点：在文本生成任务上可展现出不错的能力，不过由于参数规模较小，面对复杂任务时表现受限，并且微调后的泛化能力也比较弱。
GPT-2（2019 年）
规模扩展：参数规模扩大到 15 亿，训练数据拓展为 WebText，包含 800 万网页，数据量约 40GB。
技术创新：提出了零样本学习能力，模型无需针对特定任务进行微调，仅仅依靠输入的任务描述就可以执行新任务，比如翻译、分类等。
性能表现：生成的文本变得更加流畅，逻辑连贯性有显著提升，甚至能够生成较长篇幅的故事或者代码，在多项 NLP 基准测试中的成绩接近监督学习模型。
GPT-3（2020 年）
规模与效率优化：参数规模大幅跃升至 1750 亿，成为当时最大的语言模型之一。同时采用稀疏注意力机制来优化计算效率，支持最长达 2048 个 tokens 的上下文。
能力拓展：引入少样本学习方式，通过少量任务示例作为引导，模型就能够完成相应任务，而且能够基于提示直接去执行写诗、编程、逻辑推理等复杂任务。
能力验证：在一些专业考试（SAT、法律等）中，其成绩能接近人类水平。
GPT-3.5 & ChatGPT（2022 年）
核心优化：以 GPT-3 为基础进行改进，引入人类反馈强化学习（RLHF）技术，优化了对话交互的体验，并且支持最长 4096 个 tokens 的上下文。
应用突破：ChatGPT诞世，这是首个被工程化广泛应用的对话式 AI 助手，能支持多轮对话以及指令理解。
下一篇“ChatGPT 今生”，将继续梳理 GPT-4 至 GPT-5 的关键进展。","Day35 GPT 1至 GPT4 全方面对比.png,Day35 ChatGPT 进化之路（2）.png,Day35 ChatGPT 的前世今生.png,Day35 ChatGPT 进化之路（1）.png",https://www.xiaohongshu.com/discovery/item/68cbef160000000012016628?source=webshare&xhsshare=pc_web&xsec_token=ABdkoHchRzn-7ibEy4cVzhRPYrXE6FBMb5wrv9wyFh4e0=&xsec_source=pc_share,【Day35】ChatGPT的前世,
生成式预训练变换器 GPT,生成式预训练变换器 GPT Day34/100,2025/09/03,小红书封面 Day34.png,"ChatGPT 的流畅应答背后，是 GPT 模型的技术支撑。这个常被神化的 AI 并非黑科技，而是基于 Transformer 架构演化的生成式语言模型。以下用通俗逻辑拆解其核心原理。
        
一、GPT 的本质：三个字母的技术内核
GPT 是 “Generative Pre-trained Transformer” 的缩写，每个字母都暗藏关键设计：
G（生成式）：这是 GPT 的能力核心。它能学习人类语言规律，生成相似的新文本，从续写句子到创作报告，本质都是基于上下文预测下一个合理的词。
P（预训练）：模型先在海量无标注文本中 “打底”，学习语法、常识与逻辑，就像学生先学基础知识再攻专项，无需为每个任务从零训练。
T（变换器）：依托 2017 年提出的 Transformer 架构，其自注意力机制能精准捕捉文本关联，而 GPT 仅选取了其中负责 “生成” 的解码器模块。
        
二、架构取舍：Transformer 解码器的妙用
Transformer 分编码器（负责理解）和解码器（负责生成），GPT 的成功源于彻底舍弃编码器，让所有能力集中服对解码器的聚焦优化：
解码器的因果掩码注意力机制是关键 —— 生成文本时，每个词只能看到前文，比如写 “猫在追老鼠”，预测 “鼠” 时仅能依赖 “猫在追老”，完全模拟人类从左到右的写作逻辑，避免 “提前看答案” 的作弊问题。
GPT
        
三、训练范式：从预训练到落地应用
GPT 的能力形成分两步：
预训练阶段通过 “因果语言模型” 任务学习：给前文预测下一词，比如 “下雨要带”→预测 “伞”，在海量文本中反复训练，掌握语言与常识。
适配阶段实现突破：早期 GPT1 在预训练完成后需微调适配任务，GPT 早在 2018 年就能完成分类、句子关系、文本相似性和多项选择任务。
        
四、与 BERT 的核心差异：生成 vs 理解
同为 Transformer 衍生模型，二者因架构选择分道扬镳：
BERT 只用了编码器，注意力机制是双向的，能同时看到上下文内容，核心能力集中在语义理解上，比如做情感分析、从文本里提取答案、识别实体等。
而 GPT 只用了解码器，注意力是单向的，只能依赖前文信息，核心优势是文本生成，像 ChatGPT 的对话、代码生成、故事创作都靠这个能力支撑。
二者并非竞争关系，实际应用中常组合使用：用 BERT 精准理解用户的问题意图，再用 GPT 生成自然流畅的回复。","Day34 大语言模型 GPT.png,Day34 大语言模型 GPT 微调任务.png",https://www.xiaohongshu.com/discovery/item/68caddd7000000001101f43c?source=webshare&xhsshare=pc_web&xsec_token=ABCKeIFJCclcJVhL5u_OMFeTMdbbaTWjSwuVg5-A0VNGw=&xsec_source=pc_share,【Day34】生成式预训练变换器 GPT,
通用语言理解模型 BERT,通用语言理解模型 BERT Day33/100,2025/09/02,小红书封面 Day33.png,"Transformer 的编码器本身是强大的 “语义理解器”，其核心功能是通过注意力机制捕捉文本中的上下文关联，将输入转化为机器可理解的语义表示。我们将Transformer中的编码器拆出来，增强一下，也就成了BERT。让我们透过论文来学习BERT：
        
一、核心定位
BERT 是 “通用语言理解模型”，由谷歌 2018 年提出，“预训练 + 微调” 范式革新 NLP 领域，其在技术圈影响力极强 —— 论文引用量 13 万，是 GPT 的 10 倍。它的核心优势是 “低适配成本”：无需为每个 NLP 任务单独搭建模型，只需简单调整，就能处理多种任务，真正实现 “一次训练、多次复用”，完全契合互联网行业快速迭代的需求，因此应用广泛。
        
二、结构特点
基础单元是Transformer 编码器块（Encoder Block）。与原始 Transformer 编码器（6 个块）相比，基础版 BERT 由 12 个编码器块叠加，规模更大。
❓为什么是12层？原论文证明，模型编码器块数量与性能正相关，规模越大，语义理解能力越强。受限于计算成本和训练难度，理论上24层更好。
        
三、训练逻辑
两大无监督任务：靠 “完形填空”（遮词预测，练上下文推断）和 “判断下一句”（判句子连贯性，学句子间逻辑关系）培养语义理解能力。
数据与预训练：论文数据来自 BooksCorpus和英文维基百科，无需人工标注，可自动化构造。预训练流程同常规模型，但目标是建立 “通用语义理解能力”，而非直接解决具体任务。
        
四、任务适配：微调
核心是 “添加配件 + 少量数据训练”。一是按任务补输入 / 输出转换器（如情感分析需加输出控制结构，限定 “正 / 负 / 中立” 输出）；二是用少量任务数据（远少于预训练数据）调参。原论文中，微调后的 BERT 可解决 4 大类 11 个 NLP 任务。
        
五、实际应用场景（美团案例）
评论分析：精准识别不同对象情感，生成评价标签，细粒度情感分析准确率 72.04%（行业 65%-70%）。
意图识别：分清 “霸王别姬（电影）” 与 “霸王茶姬（商家）”，准确率 93.24%（行业 85%-90%），助力年营收增 5.11 亿。
搜索改写：语义一致性判断的准确率、召回率超 XGBoost 模型，提升搜索相关性。","Day33 通用语言理解模型 BERT.png,Day33 BERT 训练过程.png",https://www.xiaohongshu.com/discovery/item/68c2d6c9000000001c033930?source=webshare&xhsshare=pc_web&xsec_token=ABRNzBC15joBkVLpxyugdQhoO6diTRb70CUs00KqqG-Tg=&xsec_source=pc_share,【Day33】通用语言理解模型 BERT,
Transformer 训练与推理图解,Transformer 训练与推理图解 Day32/100,2025/09/01,小红书封面 Day32.png,"Transformer 的架构拆解请见上一篇笔记，本篇笔记介绍训练与推理流程，带你理解 Transformer 如何使用。
一、训练过程
训练是个逐步优化的过程，咱们以 “我爱你”→“I love you” 这个语料对为例，看看它是怎么训练的。
1️⃣ 把原文 “我爱你” 输入到编码器里。编码器里有多层注意力层，这些注意力层会对 “我”“爱”“你” 进行处理，捕捉它们之间的关系，完成编码，将原文的语义信息转化为向量表示，之后把这些编码好的信息传递给解码器。
2️⃣ 向解码器输入译文的第一个 token，也就是 “I”。解码器结合编码器传来的信息，输出第一个 token 的预测结果，比如 “Me”。然后计算预测结果 “Me” 和真实的第一个 token “I” 之间的误差。之后，把译文的前两个 token “I love” 输入解码器，解码器再输出第二个 token 的预测结果，像 “like”，再计算 “like” 和真实的 “love” 之间的误差。重复此过程至最后一个 token“you”。
3️⃣ 利用这些误差，通过反向传播的方式去更新编码器和解码器里各层的参数，让模型在后续处理类似内容时，能更准确地生成译文。对于其他语料对，也是按照这样的流程进行训练，不断优化模型参数。
二、推理过程
推理时，不再需要像训练那样计算误差和反向传播更新参数，而是基于训练好的模型，一步步生成结果。还是以翻译任务为例，比如要把 “我爱你” 翻译成英文。
1️⃣ 将 “我爱你” 输入编码器，编码器里的多层注意力层依次处理，捕捉 “我”“爱”“你” 之间的语义关系，完成编码，把原文的语义信息转化为向量表示，然后传递给解码器。
2️⃣ 解码器开始工作，向解码器输入起始标志（比如特殊的起始 token），解码器结合编码器传来的编码信息，生成第一个输出 token，比如 “I”。把生成的第一个 token “I” 再输入解码器，解码器结合编码器的信息以及已生成的 “I”，生成第二个 token “love”。
3️⃣ 继续逐步生成，直到解码器生成表示结束的 token，整个推理过程就完成了，得到完整的译文 “I love you”。对于其他输入内容，也是按照这样的逐步生成方式，逐步生成得到对应的输出。
特别感谢 @夜雨思晗 在机器学习与 Transformer 篇提供学习思路与流程图","Day32 Transformer 推理流程详解.webp,Day32 Transformer 训练流程详解.webp",https://www.xiaohongshu.com/discovery/item/68c0c5d9000000001c013ba8?source=webshare&xhsshare=pc_web&xsec_token=ABcdTSKFsUT5zYRjZ8Jv3lr0zH34N-fuF8a_F2HmXOfsU=&xsec_source=pc_share,【Day32】Transformer —— 训练与推理,
Transformer 架构流程拆解,Transformer 架构流程拆解 Day31/100,2025/08/31,小红书封面 Day31.png,"上一篇我们理解了 Transformer 的注意力机制，这一篇继续拆解 Transformer 的其他模块。
一、Transformer 架构拆解
其靠多头注意力机制构建编码器 - 解码器，核心结构如下：
- 位置编码：Transformer 本身没法感知文字顺序，所以引入位置编码确定每个 token 位置，其不随模型训练更新。
- 多头注意力：多个 “注意层” 同时工作，从不同角度捕捉文字间的关系。
- 残差连接 + 层归一化：残差连接把注意力模块的输入和输出加起来，能缓解深度网络训练时的梯度消失问题，给信息传递开 “快捷通道”；层归一化把数据调整到合适分布，让后续计算更稳定，类似给数据 “标准化”。
- 前馈神经网络：对经过注意力和归一化后的向量做进一步非线性变换，提取更复杂特征，就像对向量 “深加工”，让它包含更多有用信息。
- 带掩码的多头注意力：这里的注意力是解码器去关注编码器输出的特征，建立起输入和输出之间的关联。
- 线性层 & Softmax：线性层将多次处理的向量映射到输出词汇维度，得到各词汇得分；Softmax 把得分转成概率，选出概率最高的词汇作为输出。
“多头注意力 + 前馈神经网络 + Add & Norm” 结构会重复 N 次（常为 6 次），每次为一个 Block，不断提炼输入特征。
二、Transformer 编码解码机制详解
（一）Encoder 结构
- Encoder block 与 Encoder：通过 “注意力+前馈+残差和归一” 就能构造出一个 Encoder block，其叠加起来就组成了 Encoder。第一个 Block 的输入是句子单词的表示向量矩阵，后续 Block 的输入是前一个的输出。
- 多层的必要性：单个只能完成 “局部特征提取”，而自然语言的理解、生成需要 “多层抽象”。层堆叠的核心价值，就是让模型通过 “逐层加工” 实现这种抽象。
（二）Decoder 结构
- 掩码多头与普通多头注意力的区别：掩码故意遮信息，分填充掩码和序列掩码（用在解码器，遮 “未来信息”，保证模型按顺序生成内容）。
- 解码多头注意力模块的配合：掩码后向量 Q 与 V 计算得上下文向量；第一个掩码多头注意力（自注意力）的输出，作为第二个多头注意力（交叉注意力）的 “Q”，带着需求与编码器传来的 “K”“V” 配合，生成下一步特征。
#大模型[话题]#","Day31 Transformer 架构拆解.png,Day31 Transformer 中的编码解码机制.png",https://www.xiaohongshu.com/discovery/item/68c0b059000000001d027a97?source=webshare&xhsshare=pc_web&xsec_token=ABcdTSKFsUT5zYRjZ8Jv3lr7at1jY6AZZ5lhxFS62ZQ4w=&xsec_source=pc_share,【Day31】Transformer ——架构与编码解码机制,
Transformer 再识注意力机制（理性理解）,再识Transformer注意力机制（理性理解） Day30/100,2025/08/30,小红书封面 Day30.png,"上一篇从感性触发理解注意力机制，这一篇我们将拆解其数学原理。
一、自注意力的核心逻辑
Attention 的目标是给句子里的词提取特征。要真正弄懂一个词的意思，得结合上下文，靠句子里其他词的特征来补充。
拿电商搜索场景打比方：用户输入内容（Query）会被后台拆解，系统去匹配对应的关键词（Key）。但用户真正想要的，是关键词背后的商品（Value）。和用户 Query 匹配度越高的商品，权重就越高，排名也越靠前。在自然语言处理（NLP）领域，也是同样的道理。
在 Transformer 里，输入的序列（不管是文本还是图像等）会先通过嵌入层（Embedding）变成向量形式，接着经过一个线性层，得到 3 个核心向量：
Q（查询，负责 “查询需求”，可以是句子里任意一个被选中的词）;
K（键，负责 “匹配需求”，代表这个词表现出来的特征）;
V（值，负责 “提供价值”，代表这个词隐藏的真实特征）—— 这是自注意力的基础。
在 Attention 的计算过程中，Matmul 是做向量的点积运算，用来计算相似度；Scale 是缩放操作，防止向量点积后得到的值太大；Mask 只有在 Decoder 阶段才会生效，Encoder 阶段用不上；SoftMax 是做归一化处理。
自注意力的特点很鲜明：句子里的每个词都能和句子中所有的词建立联系，而且这种联系是语义层面的，和词之间的距离没太大关系，不会像 RNN 那样，因为词之间距离太远，就丢失相互间的关系。
二、多头自注意力机制
“一千个读者眼中有一千个哈姆雷特”，多头的意义就在于体现多义性。简单来说，就是有多个不同的注意力计算头同时工作，从不同的角度去捕捉信息。在 Transformer 的架构里，通常会有 8 个注意力头。
用 “描述一幅画” 来举例：
单头注意力：就像一个人看这幅画，只能把注意力集中在一个方面，比如只关注画里的色彩。
多头注意力：好比有好几个人同时看这幅画，一个人专注看色彩搭配，一个人专注看线条构图，还有一个人专注看画面主题表达等。最后把这些人看到的不同方面的信息汇总起来，就能更全面、更细致地描述这幅画了。
最后，总结一下，引入注意力后，原编码解码结构发生了两点改变：
1)注意力的计算与元素的距离无关，模型从此不健忘。
2)注意力可以并行计算，模型训练速度从此飞升。","Day30 再识注意力机制（理性理解 2）.png,Day30 再识注意力机制（理性理解 1）.png,Day30 再识注意力机制（理性理解 2） (2).png",https://www.xiaohongshu.com/discovery/item/68bee821000000001d016326?source=webshare&xhsshare=pc_web&xsec_token=ABO0fvJvaanNPTLq1k3u0ZiBZXkwNp4v-6UPcimecos8g=&xsec_source=pc_share,【Day30】Transformer——再识注意力机制（理性理解）,
Transformer 初识注意力机制（感性理解）,初识Transformer注意力机制（感性理解）Day29/100,2025/08/29,小红书封面 Day29.png,"作为 AI 和大模型学习路上的 “拦路虎”，注意力机制一直是我想啃下的硬骨头。今天认真梳理后，总算有了清晰认知，分享给同样在学习的伙伴们～
一、注意力机制的核心作用
简单来说，它就是让模型能像人类一样，理解序列里元素之间的关系。
举个例子，“这老板真水” 这句话，单看 “这老板真” 没特别的，但 “水” 字是关键。这里的 “水” 不是物理上的水，而是形容老板水平低。人类能懂，是因为我们会 “注意” 到 “水” 和 “老板” 的修饰关系。而注意力机制，就是要让机器也具备这种 “注意” 并理解元素间关系的能力。
二、用相亲故事感性理解原理
假设有一场 3 人相亲会，通过这个故事能更形象地看懂注意力机制怎么运作：
- 生成关键词（k）：每个嘉宾都有自己的 “包装”，也就是关键词。比如有的带 “球鞋” 包装，有的带 “化妆规整” 包装，这些关键词是吸引注意力的引子。
形成问题（q）：每个人都带着自己的需求，形成要问其他嘉宾的问题。
- 产生注意力（a）：嘉宾带着自己的问题，查看所有嘉宾（包括自己）的关键词后，就对每个嘉宾产生了一定的注意力。
- 关注真实信息（v）：关键词只是包装，被识破包装后，能反映嘉宾真实情况的信息（v）才是有价值的。
- 得到收获（c）：嘉宾最终的收获，是自己的注意力对所有嘉宾实际价值的加权平均，这里面也包括自己的价值。
在这个故事中我们重点注意以下几点：
1）注意力是嘉宾带着自己的问题(q)在查看所有人的关键词(k)后才产生的。这其中的所有人也包括嘉宾自己。
2）被识破包装伎俩后的信息(v)才是真正有价值的东西。关键词只能吸引注意力，大家关心的是去伪存真后的真实信息(v)
3）嘉宾的收获(c)是自己的注意力(a)对所有嘉宾实际价值的加权平均。这其中也包括嘉宾自己
理解到这一步，对注意力机制的感性认知就比较到位了。接下来可以进一步从技术层面，通过数学运算去深入学习～
#AI产品经理[话题]# #产品经理[话题]# #深度学习[话题]# #大语言模型[话题]# #transformer[话题]# #AI[话题]# ","Day29 注意力机制 感性理解 1.png,Day29 注意力机制 感性理解2.png",https://www.xiaohongshu.com/discovery/item/68bee1d4000000001b01e905?source=webshare&xhsshare=pc_web&xsec_token=LBf3EB9c66h8v2Auu-0zOQ130twHj2EyuT3aPWStvfpgE=&xsec_source=pc_share,【Day29】Transformer——初识注意力机制（感性理解）,
Transformer Encoder-Decoder 架构,Transformer 中的Encoder-Decoder 架构 Day28/100,2025/08/28,小红书封面 Day28.png,"如果说 RNN 是如今热门的大语言模型的爷爷，那 Transformer 就是大模型的爸爸，搞懂 Transformer，有助于理解大语言模型的本质。而今天拆解 Encoder-Decoder，为理解 Transformer 打基础。

1. 先搞懂 Seq2Seq 概念

简单说就是 “输入一个序列，输出另一个序列”，关键是输入输出长度可变。
举个例子：中译英 “这老板真水”→“This boss is really a joke”，中文 5 字、英文 6 词，还不是逐字对应，这就是典型场景。

其应用领域超广：

文本摘要：长文本→短摘要
阅读理解：文章 + 问题→答案
语音识别：语音信号→文字
时间序列预测：30 天数据→7 天预测

2. Encoder-Decoder 是什么？

👏 它是解决 Seq2Seq 问题的经典架构，是算法统称不是具体算法。

Encoder（编码）：把输入转成机器能懂的 “代码”
Decoder（解码）：把机器 “代码” 转成人能懂的输出

工作流程：Encoder 将输入编成固定维度向量→Decoder 解码该向量输出结果

3. 编码解码的核心差异（训练 vs 推理）

训练（编码，学规律）：
有 “输入 + 真实答案”（比如翻译的原文 + 标准译文）
目标是调参数降误差，还能跳步用真实中间结果

推理（解码，用规律）：
只有 “输入”，答案要逐步生成
每步都依赖上一步输出，串行来

4. 关键问题：怎么避免误差累积？

如果训练推理都依赖上一步预测，会有大问题：训练时一步错步步错，推理时误差还会放大。

✨ 解决方案：Teacher Forcing（教师强制）
训练时：不用模型前一步预测，直接喂 “真实中间结果”。比如翻译 “我爱中国”→“I love China”，生成 “love” 时，输入是真实的 “I”，确保每步都学正确信息
推理时：虽仍依赖上一步，但模型已通过真实数据掌握正确规律，小误差不易放大

Transformer 用的就是这个架构～而决定效果的关键，就涉及到 “Attention is All You Need” 里的注意力机制啦，下一篇笔记继续更！💪",Day28 Transformer_Encoder-Decoder.png,https://www.xiaohongshu.com/discovery/item/68bd8a76000000001d02388d?source=webshare&xhsshare=pc_web&xsec_token=ABgKfOW9jVIwkb3RZDZyD9aNmrTr1TIpX7GFnOVznRr6s=&xsec_source=pc_share,【Day28】Transformer——编码器解码器架构,
深度学习 RNN 局限与优化,学习笔记｜100 天成为AI产品经理 Day27/100,2025/08/27,小红书封面 Day27.png,"一、RNN 的三大局限
虽然 RNN 在序列建模的早期是件“黑科技”，但真正落地时却暴露了不少“短板”。
        
1️⃣ 梯度问题：训练遇到“大难题”
RNN 是由多个计算单元首尾相连的，一个问题会“回传”多个步骤，而在这个过程中，数据传递的信息可能会“渐渐模糊”（梯度消失）或者“夸大失真”（梯度爆炸）。尤其是在处理长序列时，RNN 的训练变得极不稳定，模型越来越难以捕捉重要的信息。
        
2️⃣ 记忆力“短板”：总是“忘前面的事”
RNN 的记忆是“短期的”。当你输入的序列越长，前面内容的信息就越容易丢失。比如，在阅读一篇文章时，RNN 很难把文章开头的重要背景记到最后，这让它在处理上下文联系复杂的任务时表现欠佳。
        
3️⃣ 性能局限：效率拖了后腿
RNN 的计算是一步接着一步的，没法并行处理大量文本。这意味着它在面对超大规模语料库时，训练速度会严重拖慢，成本也极高。
        
二、RNN 的未来：真的被淘汰了吗？
虽然 RNN 的局限让它逐渐“退居幕后”，不少更强大的架构（如 Transformer）接替了它的位置，但 RNN 并没有完全退出历史舞台，它依然在特定场景中维护自己的优势。
        
🔹 LSTM &amp; GRU：升级了的“记忆高手”
LSTM 和 GRU 是在 RNN 基础上的延伸版，通过设计“门控机制”，让模型能够选择性地遗忘或记住信息，解决了梯度消失的问题。这种改良为像语音识别、时间序列预测等任务赋予了新的可能。
        
🔹 新兴变种：开创新的应用场景
近年来，例如 xLSTM 这样的小规模改良架构涌现，不仅保留了 RNN 的记忆特性，还优化了并行计算能力，使它更容易适配设备端的实时推理场景。它们对长序列任务有更强的适应能力，尤其适合像嵌入式设备、移动应用等计算资源有限的环境。
        
🔹 特定任务中的顽强生命力
RNN 仍然在对计算效率要求不高、任务较为小型化的场景中占据一席之地。比如一些短语级语言处理、时间序列监测等，仍然可以用 RNN 高效解决。
        
🎯 复盘收获
🔹RNN 的循环设计实现了“短期记忆”，适合处理序列型数据；
🔹它的训练通过时间反向传播完成，但容易受到梯度消失与爆炸问题的影响；
🔹RNN 的短时记忆能力和计算效率不足使它在面对复杂的长序列任务时力不从心；
🔹尽管局限显著，但改良版本如 LSTM 和最新变种，依然让 RNN 在特定场景中具备实用价值。",Day27 RNN 与 LSTM.png,https://www.xiaohongshu.com/discovery/item/68b83549000000001d038a1a?source=webshare&xhsshare=pc_web&xsec_token=ABHB21pYMm3SX8TpWJ3HRaWtlEtJd9KE6m5cifoXl5r4k=&xsec_source=pc_share,【Day27】深度学习——RNN 局限与优化,
深度学习 RNN 基础,学习笔记｜100 天成为AI产品经理 Day26/100,2025/08/26,小红书封面 Day26.png,"“前馈网络只能‘看到现在’，RNN 让机器第一次‘有了记忆’。”
1️⃣ RNN 是什么？循环在哪里？
传统的神经网络（如 MLP）是 输入 → 输出，一次性走完；但 RNN 是 一条数据分多步走，每一步都“记住前面的内容”。
我们用一个例子感受下差异👇：
前馈网络（普通神经网络）：看一句话：“我爱你” → 一起扔进去，直接输出结果
RNN（循环神经网络）：先看“我”，再看“爱”，再看“你”，每一步都参考前面记住的状态，再决定怎么理解现在
这就是“循环”所在 —— 每一步的输出会作为“记忆”，传给下一步使用。
2️⃣ RNN 的“记忆装置”怎么构成？🧠
RNN 的核心是一个 隐藏状态 h，它像一个记事本，不断更新和携带上下文信息。
整个结构可以用一组纯字母公式简单表示：
h(t) = activation( W_x * x(t) + W_h * h(t-1) + b )
x(t)：当前时刻的输入（例如一个字）
h(t-1)：上一个时刻的隐藏状态（记忆）
W_x, W_h：权重矩阵
activation()：激活函数，常用 tanh 或 ReLU
这样一来，模型就可以边看边“记”：每个词不仅被单独理解，还结合了前面的语境。
3️⃣ 时间展开：RNN 是“拉长的神经网络” ⏳
虽然结构上只有一个模块，但实际用时，RNN 会在时间上被“展开”：
比如一句话有 5 个词，它会变成这样的结构：
输入： x(1) → x(2) → x(3) → x(4) → x(5)
记忆： h(0) → h(1) → h(2) → h(3) → h(4) → h(5)
输出： y(1)   y(2)   y(3)   y(4)   y(5)
每个时刻的 h(t) 都由上一个时刻的 h(t-1) 和当前输入 x(t) 决定。这就是所谓的 “时间步展开”（Time Unrolling）。如：
第一步（t=1）：没有 “过去的记忆”，所以用初始记忆 h (0)（通常是全 0 向量），结合当前输入 x (1)，算出第一个记忆 h (1)；
第二步（t=2）：不再用 h (0)，而是用 “上一步的记忆 h (1)”，结合当前输入 x (2)，算出新记忆 h (2)—— 这时候 h (2) 里已经包含了 “x (1)+x (2)” 的信息；
···
#学习日常[话题]# #大模型[话题]# #AI产品经理[话题]# #搭建个人知识体系[话题]#","Day26 RNN 模型训练.png,Day26 RNN 流程.png",https://www.xiaohongshu.com/discovery/item/68b80e0e000000001d02db7e?source=webshare&xhsshare=pc_web&xsec_token=GBFtWU8Pk1D78lI7zAs3NAUgXwPJXdFdwG_kX3WHY6G6c=&xsec_source=pc_share,【Day26】深度学习——RNN 基础,
深度学习 RNN 前话 自然语言数字化,学习笔记｜100 天成为AI产品经理 Day25/100,2025/08/25,小红书封面 Day25.png,"此篇为学习 RNN 前需要知道的知识
1️⃣ 自然语言必须数字化处理
在进入 RNN 网络之前，我们需要搞清楚一个最基本的问题：模型怎么处理文本？
答案是：把语言转化为数值向量序列，这个过程叫做Embedding（嵌入）。
为什么要这样做？因为神经网络只能处理数字，而不能理解“字符”或“词”的表面形式。
2️⃣ 文本预处理（基本处理）
文本预处理是 NLP 的第一步，它将原始文本转化为机器能理解的格式。常见的步骤包括：
去除停用词（如“的”、“是”），让模型专注有意义的词；
- 小写化，避免因大小写不同导致的词不一致；
- 去除标点符号，减少不必要的干扰；
- 词干提取和词形还原，统一词形（如将“running”还原为“run”），确保模型理解一致。
3️⃣ 从 token 到向量：构建语义空间
第一步，Tokenization（分词/分字） 。
常见的分词方法包括空格分词（如英文“i love NLP”）；基于字典的分词（如中文“我喜欢上班”）；统计分词（通过最大匹配法等）；以及子词分词（如BPE、WordPiece，将词分解为小单元）。
举例：
“我爱你” → [""我"", ""爱"", ""你""]
“ChatGPT 是什么？”→ [""Chat"", ""G"", ""PT"", ""是"", ""什么"", ""？""]
第二步，指定token和数字的对应关系。每个 token 被映射为一个唯一的编号（如 ""我"" → 1502），但这只是标识，并不包含语义。
第三步，词向量嵌入（Word Embedding）。为了让模型理解 token 的语义，我们需要进一步将其编码为一个向量。主要分为几个步骤：
1）维度变低且数值有零有整。原本一个token是用一个只有0和1的高维向量表示的，但现在变为了有零有整的低维向量，比如[3.1, 2.6, 7]这样。
2）语意相近的token编码结果会比较相似。比如我们会发现进行词嵌入处理后以下4个token的编码可能长这样：树→[3,5,7]，木→[1,3,4]，叶→[2.3,1.5,2.8]，海→[13,25,48]。
如果把每个token编码中的三个数字当做xyz坐标，“树”、“木”、“叶”会非常接近，且他们距离“海”的距离都比较远。
3）token编码之间的加减也具有语义。比如我们会发现“树”-“木”≈“叶""
更多更详细的自然语言预处理、文字表示方法以及句子和文档表示方法请见图片。
#学习日常[话题]#","Day25 自然语言处理方法 (1).png,Day25 自然语言处理方法.png,Day25 自然语言处理方法 (2).png",https://www.xiaohongshu.com/discovery/item/68b7f273000000001d01d4a9?source=webshare&xhsshare=pc_web&xsec_token=ABJCHtJ_mHZETp2HRKJo7d0-wXSOD2Rn3fopMTekSxNo8=&xsec_source=pc_share,【Day25】深度学习——RNN,
深度学习 CNN 应用,学习笔记｜100 天成为AI产品经理 Day24/100,2025/08/24,小红书封面 Day24.png,"在上一篇里，我们讲清了 CNN 的四大核心零件：全连接、卷积、池化、激活函数。 今天我们升级一层，搞懂 CNN 的完整工作流程，并结合 LeNet-5 案例，看看机器是如何学会“看”的。

1️⃣ CNN 的工作流程 🛠️
假设我们想用 CNN 识别一张手写数字 “9”，CNN 会经历 6 个步骤：
① 数据输入（Input） 🏁
将彩色图像转成数字矩阵，比如 RGB 三通道
每个像素是 0-255 的数值，模型只接收数字，不“看图像”

② 卷积提取特征（Convolution） 🔍
用卷积核扫描整张图像，提取边缘、纹理、形状等关键特征
第一层卷积核学到“低级特征”，如线条、边角
深层卷积核学到“高级特征”，如眼睛、鼻子、轮廓

③ 激活函数（ReLU） ⚡
将卷积后的特征做非线性变换
丢掉小于 0 的噪声，保留更显著的轮廓
让模型“更聪明”，不被无用细节干扰

④ 池化压缩（Pooling） 🏞️
缩小特征图尺寸，保留最重要的特征
最大池化 → 提取“最强信号”
平均池化 → 提取“整体趋势”
效果：大幅减少计算量，提升模型对光照、角度等变化的鲁棒性。

♻️ 重复②-④堆叠多个卷积层和池化层，逐步提取更高级、更抽象的特征，并将最后一个池化层的输出展平成一个一维向量。

⑤ 全连接层（Fully Connected Layer） 🧠
把卷积提取到的高维特征压平，送进“大脑”
不再关心像素，而是直接基于提取到的特征做分类

⑥ Softmax 输出（Output） 📊
给出每个类别的概率
例如：
“9”的概率 = 95%
“3”的概率 = 2%
“0”的概率 = 1%
取最大概率作为预测结果

2️⃣ LeNet-5：CNN 的“开山之作” 🏛️
1998 年，Yann LeCun 发布 LeNet-5，帮助美国邮政局实现手写邮编自动识别。
输入：32×32 像素手写数字
卷积层 ×2 → 池化层 ×2 → 全连接层 ×2 → Softmax
参数量：仅 6 万！在当时非常高效
应用效果：实现自动分拣邮件，显著降低人工成本
📌 意义：LeNet-5 开创了深度学习在视觉领域的先河，后来 AlexNet、VGG、ResNet 等架构都继承了它的思想。

3️⃣ 总结 📝
CNN流程：输入 → 卷积 → 激活 → 池化 → （重复）→ 全连接 → 输出

本笔记来源作者“夜雨思晗”《从0构建大模型知识体系（2）：给模型开眼的CNN》

﻿#学习日常[话题]#﻿ ",Day24 CNN 经典流程.png,https://www.xiaohongshu.com/discovery/item/68af0b78000000001b01c594?source=webshare&xhsshare=pc_web&xsec_token=ABv5ey7C8ffBbJYp3jhL0HmKesSQZ4TSFiYPnv6kGiByU=&xsec_source=pc_share,【Day24】深度学习——CNN应用,
深度学习 CNN 基础,学习笔记｜100 天成为AI产品经理 Day23/100,2025/08/23,小红书封面 Day23.png,"“CNN 就像给机器装了一双会观察的眼睛。”

CNN （Convolutional Neural Network，卷积神经网络）是让机器学会“看”的关键技术。但在理解它的流程前，我们先搞清楚 CNN 的四大核心零件：全连接、卷积、池化、激活函数。

1️⃣ 全连接层（Fully Connected Layer）🔗
原理：每一个输入都和下一层的每一个神经元相连，每条连接有一个权重。
优点：概念直观，适合小型任务
缺点：参数量随输入规模爆炸，效率低下
📌 结论：全连接适合处理“低维结构化数据”，但处理高维图像会让计算量不可控。

2️⃣ 卷积层（Convolution Layer）🧩
卷积是 CNN 的灵魂。它模仿人类视觉皮层，只看“局部”，提取关键特征。
核心思路：卷积就是把一个小矩阵（卷积核，Filter）放到一个大矩阵上从头到尾滑一遍以得到一个新的矩阵。卷积核会在训练过程中自动学习，专门“找”对分类最有用的特征
为什么高效：
局部感知 → 每次只关注局部区域，避免无谓计算
参数共享 → 同一个卷积核可以扫描整张图像，极大减少参数数量
举例 🌰：想象你在看一张人脸照片，不会盯着每个像素，而是先看“鼻子”“眼睛”“嘴巴”这些局部特征。CNN 也是类似的工作方式。

3️⃣ 池化层（Pooling Layer）🏞️
卷积提取的特征图通常很大，池化的作用是 压缩数据，保留核心信息。
核心思路：池化就是把一个小窗口放到一个大矩阵上从头到尾滑一遍以得到一个新的矩阵。主要池化方法：
最大池化（Max Pooling） → 取窗口内的最大值，保留最显著特征
平均池化（Average Pooling） → 取窗口内的平均值，平滑特征
好处：
1.降低特征图维度，减少计算量
2.提高模型鲁棒性，忽略微小干扰
举例 🌰：高清照片 → 缩略图，虽然像素减少了，但主要轮廓和关键信息依然保留。

4️⃣ 激活函数（Activation Function）⚡
卷积和全连接的计算本质上是线性的，但现实世界的数据往往是非线性的。激活函数的作用就是让模型“学会弯曲”，理解复杂模式。主要的激活函数有 sigmoid、tanh与 Relu 三种。

举例 🌰：就像员工报告上来的意见，领导（神经元）不可能机械平均，而是根据情况动态放大或压缩影响。

5️⃣ 学习总结 📝
“卷积是眼睛，池化是缩略图，全连接是大脑，激活函数是灵魂。”

 ﻿#产品经理[话题]#﻿  ﻿#学习日常[话题]#﻿ ","Day23 CNN 基础.png,Day23 深度学习原理.png,Day23 激活函数.png",https://www.xiaohongshu.com/discovery/item/68aef1fb000000001c00ab79?source=webshare&xhsshare=pc_web&xsec_token=AB3qxnVRgP3_PHsn3jiuHow1arl342kjfERnV7tGNE0cc=&xsec_source=pc_share,【Day23】深度学习——CNN 基础,
深度学习 基础原理,学习笔记｜100 天成为AI产品经理 Day22/100,2025/08/22,小红书封面 Day22.png,"🤔思考：深度学习不是魔法，它只是让机器模仿人脑处理信息。
        
1️⃣ 深度学习到底是什么？
深度学习（Deep Learning）是一种 基于多层神经网络 的机器学习方法。 可以把它想象成公司层级汇报：
员工：收集最原始的数据（输入层）
主管：整合分析数据（隐藏层）
CEO：做最终决策（输出层）
        
神经网络的核心运算可以用一行纯字母公式表示：
y = activation( k* x + b )
y：每一层的输出
x：每一层的输入
k：信息“权重”，决定重要性
b：偏置，就像主管的“个人偏见”
activation()：激活函数，决定信号是否“放行”
这就是深度学习的“核心逻辑”：加权 → 偏置 → 激活 → 输出。
        
2️⃣ 激活函数：让模型更聪明 🧩
如果没有激活函数，神经网络只能做“机械平均”，学不到复杂规律。
激活函数就像神经元的“开关”，让模型理解更高维度的特征：
Sigmoid → 输出 0~1，常用于概率预测
Tanh → 输出 -1~1，更适合区分正负关系
ReLU → 大于 0 才保留，小于 0 直接丢弃，计算高效，是视觉类 AI 首选
可以把 ReLU 理解成“重点优先”策略：只关注有价值的特征，丢掉无关噪声。
        
3️⃣ 深度学习是怎么“学”的？
想象你在培训一个新客服小李，整个过程和模型训练几乎一样：
给任务（前向传播） 就像给小李一条用户问题，让他先尝试回答。 → 模型根据输入数据一步步计算出预测结果。
看结果（计算损失） 小李答错了？我们要衡量答案和标准答案的差距。 → 模型会用 Loss 函数计算预测值与真实值之间的误差。
给反馈（反向传播） 我们告诉小李哪里错了、为什么错。 → 模型把误差从最后一层往前传递，更新每层的权重 W 和偏置 b。
反复练习（参数更新 + 多轮迭代） 小李不断练习，答错就调整，直到越学越准。 → 模型会通过多次迭代优化参数，让预测结果越来越接近真实值。
核心逻辑：深度学习不是“写死规则”，而是让模型从大量数据中自动学规律。
        
4️⃣ 产品经理总结 📝
要知道 DL 能做什么：图像识别、语音识别、NLP、推荐系统
要理解 DL 怎么做：神经网络 + 激活函数 + 前向传播 + 反向传播
        
本笔记学习作者“夜雨思晗”《从0构建大模型知识体系（2）：给模型开眼的CNN》，下一篇我们会讲 CNN，拆解机器如何“看见世界”。",Day22 深度学习 .png,https://www.xiaohongshu.com/discovery/item/68ade1a9000000001c033213?source=webshare&xhsshare=pc_web&xsec_token=ABIVQF-ven7l7GiF-7iVbeljLLF92SqCHzJ4_ct8i36VU=&xsec_source=pc_share,【Day22】深度学习——基础原理,
机器学习 K-means 聚类,学习笔记｜100 天成为AI产品经理 Day21/100,2025/08/21,小红书封面 Day21.png,"🚶 动作：学习K-means的定义、步骤、K值确定、应用场景、优缺点及与KNN的区别。
🤔 思考：K-means是实用的无监督聚类工具， KNN 是有监督分类工具，两者原理相近但功能不同。

1️⃣ 什么是K-means？
和分类/回归算法不同，它是无监督学习（无需提前知道标签），核心是""物以类聚""——按样本相似度分组，用质心（聚类中心）代表类别。

2️⃣ 算法原理（4步走）
• 随机选K个初始质心
• 算所有样本到质心的距离，就近分组
• 每组重新计算质心（均值）
• 重复迭代，直到质心不再变化 ✔️

3️⃣ K值怎么定？
没有标准答案，靠经验+试错。看平均距离变化，找""拐点""（变化放缓的K值）。

4️⃣ 经典应用：用户分层
拿电商举例👇
• 传统按下单次数分层太片面（忽略消费金额等）
• 用RFM模型（最近消费、频率、金额）+K-means更科学
• 最终分成8类用户（如重要价值客户、一般挽留客户等），精准运营

5️⃣ 其他适用场景
• 文本聚类（文章主题分组）
• 售前辅助（客户预判）
• 风险监测（金融异常行为识别）

6️⃣ 优缺点
✅ 优点：简单易实现、效率高、可解释性强
❌ 缺点：受噪声影响大、准确率不及有监督算法

7️⃣ 和KNN的区别
• KNN：有监督分类，K是最近邻样本数
• K-means：无监督聚类，K是聚类数量

💡 小结：K-means适合无标签数据的分组需求，用户分层、内容聚类都能用，是PM数据分析的实用工具~",Day21 K-means聚类算法.png,https://www.xiaohongshu.com/discovery/item/68a7514c000000001c03f9e8?source=webshare&xhsshare=pc_web&xsec_token=ABkkCru-XzGPdeV1PLySeOqJlfu8B4FpZJ19Dxr2m7aIk=&xsec_source=pc_share,【Day21】机器学习——K-means 聚类,
机器学习 支持向量机,学习笔记｜100 天成为AI产品经理 Day20/100,2025/08/20,小红书封面 Day20.png,"🚶 动作：学习SVM，包括其地位、数据来源、特征工程、建模流程、亮点、优缺点及产品经理思考等。
🤔 思考：学习 SVM 的核心思想在于寻找 “最大间隔超平面”。

在分类算法中，SVM 常被称为“天花板级”。即使在深度学习盛行的今天，它依旧是工业界的性能基线。作为 AI 产品经理，理解 SVM 能帮助我们更好地把握业务与算法之间的平衡。

🔎 核心思想
线性可分时：找到能让两类样本间隔最大的直线/超平面，保证分类结果稳定。
线性不可分时：通过 核函数 把数据映射到高维空间，让样本在新空间中线性可分。
关键点：最大化边界距离，保证模型不仅做对，还做得更稳健。

📊 应用案例：以股票市场预测为例
目标：预测未来走势（涨/跌），而非具体价格。
数据来源：历史交易数据（开盘价、收盘价、成交量、换手率等）。
特征工程：构造特征向量，如“今日收盘价/过去 M 天均价”“最高价/最低价”等。
建模流程：
- 准备数据
- 选择核函数（股票预测常用高斯核）
- 训练 & 测试模型
- 输出预测曲线，对比真实走势
常见核函数及其适用场景：
- 线性核（Linear Kernel）：适用于线性可分数据，计算简单高效。
- 多项式核（Polynomial Kernel）：适用于样本呈多项式分布的非线性场景（如特征间存在交叉关系）。
- 高斯核（RBF Kernel）：适用于复杂非线性数据（如样本分布无明显规律），应用最广泛，但需调参（如带宽 σ）。

👉 亮点：SVM 通过少量支持向量就能做出高效决策，适合处理高维金融数据。

⚖️ 优缺点
✅ 优点
兼容线性 & 非线性问题
对小样本 & 高维数据效果佳
能找到全局最优解，避免局部陷阱
❌ 缺点
训练耗时、内存占用大
更适合小样本场景
天生二分类，多分类需组合多个模型

💡 产品经理思考
适用场景：小样本、对精度要求高（金融预测、文本分类等）。
边界认知：大规模、多分类任务需权衡成本，深度学习可能更优。
实践经验：即便最终用其他算法，也要以 SVM 作为基准进行对比。

✨ 一句话总结
 SVM 的核心价值在于“最大化区分类间的边界”。它不是万能的，但在合适的场景里，依旧能发挥不可替代的作用。",Day20 支持向量机 SVM.png,https://www.xiaohongshu.com/discovery/item/68a7507d000000001c03f7bd?source=webshare&xhsshare=pc_web&xsec_token=ABkkCru-XzGPdeV1PLySeOqFG2zyyU9o6qKxHQ5GVZJBg=&xsec_source=pc_share,【Day20】机器学习——支持向量机 SVM,
机器学习 决策树与随机森林,学习笔记｜100 天成为AI产品经理 Day19/100,2025/08/19,小红书封面 Day19.png,"🚶 动作：学习决策树和随机森林的原理、构建、算法以及案例。
🤔 思考：从决策树衍生的算法有很多，如GBDT、XGBoost就是其升级版。

1️⃣ 为什么要学决策树？
作为 AI 产品经理，我们常面对 信用风险预测、用户分群、业务决策解释性 的问题。逻辑回归虽然简单可解释，但它是线性模型，无法处理复杂非线性特征。此时，决策树和随机森林成为更强大的选择。

2️⃣ 决策树：从“租房逻辑”看算法
核心原理：像“租房决策”一样，逐步判断（距离→价格→装修），每个节点是一个特征，每个分支是条件，叶子节点就是决策结果。
构建过程：特征选择→生成决策树→剪枝
- 特征选择：通过信息熵或基尼系数衡量节点纯度
- 生成决策树：逐步划分样本
- 剪枝：去掉无效节点，防止过拟合
常见算法：
- ID3：信息增益，多叉树，易过拟合
- C4.5：信息增益率，支持连续值与剪枝
- CART：二叉树，分类用基尼系数，回归用偏差值
📍 PM 视角：决策树直观、可解释，适合与非技术同事或甲方沟通模型逻辑。

3️⃣ 应用案例：预测用户违约
输入：用户基本信息（性别、年龄、是否有房）+ 历史还款结果
目标变量：是否逾期（1=逾期，0=不逾期）
构建逻辑：根据特征划分样本 → 生成决策树 → 剪枝优化
优点：解释性强，可清晰展示“哪些条件导致违约”
缺点：深度过浅易欠拟合，过深则过拟合；训练大数据时效率低

4️⃣ 随机森林：三个臭皮匠胜过诸葛亮
核心思想：用多棵随机采样的决策树投票/平均，避免单棵树过拟合。
优势：
- 随机采样 → 不易过拟合
- 并行计算 → 适合大规模数据
- 对异常值不敏感
劣势：
- 训练成本更高
- 虽然比单一树更稳健，但模型上限较低
应用场景：
- 金融风控（违约预测）
- 推荐系统（用户分群）
- 医疗、咨询领域（因可解释性强，便于合规与沟通）

5️⃣ 决策树与随机森林
- 决策树：快、可解释性强、适用于中小数据集、过拟合风险高
- 随机森林：慢、可解释性弱、属于用大型数据集、过拟合风险低

📌 一句话总结
决策树让 AI 模型“透明可讲”，随机森林让预测更稳健。作为 AI PM，要在 可解释性、泛化能力与成本 之间找到平衡，让模型既能落地业务，又能赢得信任。","Day19 根叶节点关系.png,Day19 决策树与随机森林思维导图大纲.png",https://www.xiaohongshu.com/discovery/item/68a4b5bf000000001c01384f?source=webshare&xhsshare=pc_web&xsec_token=ABBIw-3ppMQEJrZsv9ygofiRlcmB26_nUxw4Q7veAH9pA=&xsec_source=pc_share,【Day19】 机器学习——决策树与随机森林,
机器学习 线性回归与逻辑回归,学习笔记｜100 天成为AI产品经理 Day18/100,2025/08/18,小红书封面 Day18.png,"🚶 动作：学习线性和逻辑回归算法，包括原理、应用场景、优缺点及 AI 产品经理的实践思路与学习收获。
🤔 思考：回归算法的本质在于预测，线性回归预测“有多少”，逻辑回归预测“会不会”

1️⃣ 为什么要懂回归算法？
作为 AI 产品经理，我们经常要回答两个核心问题：
连续值预测：销量会是多少？广告投放多少才合理？（线性回归）
分类预测：用户会不会买？会不会点击？（逻辑回归）
定义：“回归” 是指通过模型学习输入数据与连续数值输出之间的映射关系，以预测具体的数值结果（如房价、温度等）。

2️⃣ 线性回归：预测“有多少”
核心原理：基于已有数据拟合一条直线（Y=AX+B），用最小化误差的方式找到最优解，从而预测连续性结果。
应用场景：
- 预测销量、库存、房价
- 广告投放收益评估：投入多少广告费，对应多少销售额
- 用户数值型指标预测（如使用时长、消费金额）
优缺点：
 ✅ 简单高效，可解释性强
 ❌ 对数据要求高，预测精度有限，无法处理非线性关系
 
3️⃣ 逻辑回归：预测“会不会”
核心原理：在线性回归的输出基础上，加入 Sigmoid 函数，把任意连续值映射到 0～1 之间，从而输出概率值，用来解决二分类问题。
应用场景：
- 预测用户是否会购买商品
- 预测广告点击率 / 转化率
- 风控场景下识别“好客户” vs “坏客户”
优缺点：
 ✅ 高效、易实现、可解释性强，能减小极端值影响
 ❌ 仍局限于线性分类，复杂非线性问题表现不佳
 
4️⃣ PM 的实践思路
📍 从业务到算法映射
“多少” → 线性回归
“是否” → 逻辑回归
📍 建模前准备
定义目标变量（如“用户是否购买”=1/0）
选择合适特征（如浏览频次、加购行为、地域、时间等）
保证数据标注和样本质量
📍 评估与迭代
回归模型看误差（MSE、方差）
分类模型看准确率、召回率、AUC
定期监控，避免模型衰减

5️⃣ 我的学习收获
算法不是黑盒：线性回归是“量化关系”，逻辑回归是“概率判断”。
PM 要关注的核心：不是公式细节，而是目标变量、数据特征、评估指标。
落地价值：掌握两类回归算法，能更好地推动推荐、广告、风控等关键场景的 AI 产品设计。

📌 一句话总结
作为 AI 产品经理，要把业务问题拆解成 “多少” 与 “会不会”，用线性回归和逻辑回归来承接需求，做到既懂业务又懂算法边界。

图源：刘海丰——成为 AI 产品经理",Day18 线性与逻辑回归思维导图大纲.png,https://www.xiaohongshu.com/discovery/item/68a4b189000000001b01ea1f?source=webshare&xhsshare=pc_web&xsec_token=ABBIw-3ppMQEJrZsv9ygofiWbiZxj8ewE4ABd79IbSNVE=&xsec_source=pc_share,【Day18】机器学习——线性回归与逻辑回归,
机器学习 朴素贝叶斯,学习笔记｜100 天成为AI产品经理 Day17/100,2025/08/17,小红书封面 Day17.png,"🚶 动作：梳理朴素贝叶斯核心知识点，包括三个概率、公式、关键、应用场景、优缺点及产品经理用法，整理成笔记。
🤔 思考：理解朴素贝叶斯算法逻辑，可更好推动业务落地，方便复盘以应用于工作中。

1️⃣ 基础概念要理清
- 朴素贝叶斯（NBM，Naive Bayesian Model），也可以简称NB算法。
- 原理：用已知条件推测事物本质（比如通过西瓜的大小、声音判断甜度）
- 三个核心概率：
  条件概率：事件A发生后B的概率（例：下雨后堵车的概率）
  先验概率：凭经验判断的概率（例：根据过往经验判断面试者是否优秀）
  后验概率：已知结果推测原因的概率（例：已知西瓜甜，推测是土壤好的概率）
- 贝叶斯公式：后验概率 = （条件概率×先验概率）÷ 事件本身概率

2️⃣ 朴素贝叶斯的关键
- 核心前提：所有特征相互独立（比如性别和国籍无关，身高和尺码就不独立）
- 优势：基于这个假设，计算变得简单，不需要复杂训练，对资源消耗小
- 公式理解：用下雨和堵车举例，P(堵车|下雨)=[P(下雨|堵车)×P(堵车)]÷P(下雨)，代入数据就能算出结果

3️⃣ 实际应用场景
- 适合场景：文本分类（垃圾邮件识别）、情感分析、推荐系统（和协同过滤结合）
- 案例：航班延误险预测
  用起飞地/降落地天气作为特征，通过历史数据计算概率
  当北京雪天且深圳雨天时，算得延误概率24%＞不延误7%，就能提示用户购买建议

4️⃣ 优缺点分析
- 优点：逻辑简单、开发成本低，没有算法工程师时也能推动落地
- 缺点：依赖特征独立假设，现实中很多场景不满足（比如多个特征相关时，结果会不准）

5️⃣ 产品经理怎么用？
- 项目周期紧、算力有限时优先考虑
- 处理文本类、特征独立的业务场景（比如用户评论情感分析）
- 能自己梳理条件变量，推动研发用公式实现简单预测

你们的业务里有适合用NB算法的场景吗？欢迎交流～",,https://www.xiaohongshu.com/discovery/item/68a1ed68000000001b01c229?source=webshare&xhsshare=pc_web&xsec_token=ABaZdTUn2_HyARwtpuJ1M631VQtoecYJ_vi02H6_QrV14=&xsec_source=pc_share,【Day17】机器学习——分类算法 朴素贝叶斯,
机器学习 K 近邻算法,学习笔记｜100 天成为AI产品经理 Day16/100,2025/08/16,小红书封面 Day16.png,"🚶 动作：学习KNN算法，整理其应用场景、K值影响、优缺点及产品经理视角相关内容。
🤔 思考：KNN有适用场景和局限，需理解边界以判断是否符合业务需求，对产品落地有帮助。

今天开始学习机器学习部分，作为机器学习入门级算法，搞懂它对产品落地很有帮助，整理了核心知识点：

1️⃣ 核心原理
K近邻算法（K-Nearest Neighbor），简称KNN算法。简单说就是""近朱者赤，近墨者黑""。对待测样本，看周围最近的K个已知样本属于什么类别，哪个类别多就跟着归为哪类。
比如选礼物时，参考身边多数朋友的选择，本质和KNN逻辑一样。
计算""最近""常用欧式距离，也有曼哈顿距离、余弦距离等方式。

2️⃣ 应用场景
- 招聘筛选：通过对比历史候选人数据（工作年限、薪资等），预测新候选人能否拿到offer
- 推荐系统：比如根据用户购买记录的相似度，推荐同类商品（像买了《三体》的用户，可能也喜欢《太空漫步》）

3️⃣ K值的影响
- K太小：容易过拟合，结果受单个样本影响大
- K太大：容易欠拟合，相当于看整体分布，失去预测意义
- 建议：从1开始尝试，选准确率最高的K值

4️⃣ 优缺点
✅ 优点：
- 简单易懂，无需训练，直接可用
- 处理边界不规则数据时，比线性分类器效果好

❌ 缺点：
- 只适合小数据集，数据量大时计算量惊人（可优化用kd-tree）
- 对数据质量敏感，附近有错误样本会直接影响结果
- 数据分布不均时，样本多的类别会占优势（可通过加权重改善）

5️⃣ 产品经理视角
在数据量少、特征单一的场景下很适用，团队缺算法同学时，也能推动研发快速实现。核心是理解它的适用边界，判断是否符合业务需求。

你们的业务里有适合用KNN的场景吗？欢迎交流～",,https://www.xiaohongshu.com/discovery/item/68a1eb87000000001b033294?source=webshare&xhsshare=pc_web&xsec_token=ABaZdTUn2_HyARwtpuJ1M636IbdfvowG92s5yHCoQ2Wr0=&xsec_source=pc_share,【Day16】机器学习——分类算法 K近邻算法 KNN,
AI产品经理必须要懂的算法,学习笔记｜100 天成为AI产品经理 Day15/100,2025/08/15,小红书封面 Day15.png,"🚶 动作：先有整体的概况，有助于后面对每个部分深入学习。所以禁言从整体的角度看 AI 产品经理必须要懂的算法
🤔 思考：算法分类的方式不止一种，我们也可以按照建模时候有没有标签，把它们分成有监督、无监督和半监督算法。但作为产品经理应该关注的是，如何通过技术（算法）来解决业务场景中遇到的问题。

1️⃣ 为什么要懂算法？
作为 AI 产品经理，不懂算法就像拿着地图却看不懂方向标。文中那个“预测员工离职”的案例告诉我们——即便需求表达清楚，如果对算法的能力边界没概念，沟通就容易跑偏。懂一点算法原理，不是为了取代工程师，而是为了能精准提需求、减少沟通成本、对结果有判断力。

2️⃣ 机器学习三大问题
机器学习常见的三大类应用场景：
分类（Classification）：输出离散标签。
    二分类：是/否，1/0（如预测用户是否会购买）。
    多分类：多个可能值（如婚姻状态：未婚/已婚/离异）。
回归（Regression）：输出连续值（如价格、销量预测）。
聚类（Clustering）：无监督分组（如用户画像、内容聚类）。
💡 小结：分类/回归是有监督学习，需要已知标签；聚类是无监督学习，从数据本身找模式。

3️⃣ 分类算法的思路
📍 场景：预测用户性别
数据：美妆类浏览次数、数码类浏览次数。
观察：女性更偏好美妆，男性偏好数码。
方法：找出“距离”最近的样本（KNN 思路）来推断未知用户的标签。
常用算法：
    逻辑回归（Logistic Regression）
    朴素贝叶斯（Naive Bayes）
    决策树 / 随机森林
    K 近邻（KNN）
    支持向量机（SVM）
    神经网络（NN）
PM 视角：分类适合做推荐、标签预测、风险识别等。

4️⃣ 聚类算法的思路
📍 场景：客服问题自动分组
数据：大量相似但表达不同的用户问题。
方法：衡量句子相似度（如名词重合、语义相似），将相似的放在同一组。
常用算法：
    层次聚类（Hierarchical Clustering）
    原型聚类（K-means）
    密度聚类（DBSCAN）
PM 视角：聚类适合用户细分、舆情分析、内容去重等。

5️⃣ 回归算法的思路
📍 场景：预测销量调整库存
单变量：销量 ~ 搜索次数 → 一元线性回归
多变量：销量 ~ 搜索次数 + 用户评价 + 库存 … → 多元回归
常用算法：
    线性回归（Linear Regression）
    岭回归 / Lasso 回归
    时间序列预测（ARIMA、Prophet）
PM 视角：回归适合预测趋势、价格、需求量等连续型业务指标。

6️⃣ PM 的算法思维要点
场景 → 问题类型 → 算法匹配
用户是否流失？→ 分类
下季度销量多少？→ 回归
如何做用户画像？→ 聚类
理解限制：算法有假设条件和适用场景，别期望“万能模型”。
数据准备：算法的效果很大程度取决于特征设计和数据质量。
验证与迭代：A/B 测试、交叉验证都是 PM 需要懂的协作语言。

📌 一句话总结懂算法 ≠ 写代码，而是能把业务问题翻译成机器能理解的形式，并能判断模型的可行性与方向。对于 AI 产品经理，这是必修课。",Day15 AI产品经理需要懂的算法.png,https://www.xiaohongshu.com/discovery/item/689f62d5000000001b021ae3?source=webshare&xhsshare=pc_web&xsec_token=ABP1gp1wWxl8W4Fv1r0dKYs_8oybKxvqeYvdhBBTZykyw=&xsec_source=pc_share,【Day15】AI产品经理必须要懂的算法,
AI 模型的构建过程,学习笔记｜100 天成为AI产品经理 Day14/100,2025/08/14,小红书封面 Day14.png,"🚶 动作：在进入AI算法学习前，了解AI模型的构建过程有助于从更整体的角度我们搞懂，这些算法的构建流程是什么样的。
🤔 思考：每个公司的业务场景不同，可能过程不同，但总体无异于都是今天分享的七步。

1️⃣ 背景：为什么要懂 AI 模型构建？
在传统互联网产品里，PM 可能更关注业务逻辑与交互设计。但在 AI 项目中，数据与模型的质量直接决定产品成败。文中“预测用户流失”案例提醒我们：AI PM 不能只写需求，还要能贯穿需求→数据→模型→上线→迭代的全链路思维。

2️⃣ AI 模型落地全流程
结合案例，总结 AI 项目 7 大环节👇
1.产品定义
明确业务背景、价值、目标（如流失率降低 5%）。
决定更新周期（离线/实时）、覆盖率指标。
输出需求文档。
2.技术预研
与算法沟通现有数据能否支持需求。
调整目标（如新用户缺乏数据→覆盖率降至合理值）。
3.数据准备
内部业务数据：订单、访问日志等。
跨部门数据：中台或其他业务线。
外采数据：第三方（需合规）。
PM 要主动提供业务特征（如客诉未解决的用户更易流失）。
4.模型构建（设计→特征工程→训练→验证→融合）
特征工程：解决缺失值、异常值、量纲不统一等问题。
模型训练：寻找拟合与泛化的平衡点（防止过拟合/欠拟合）。
模型验证：分类模型：准确率、召回率、F1、AUC、KS。回归模型：MSE、方差。稳定性：PSI≤0.2。
模型融合：加权平均、投票法、Bagging、Boosting。需权衡效果与成本。
5.模型宣讲与验收
确认算法选择、特征来源、样本构成。
验证测试结果是否满足业务预期。
评估指标合理性（如 AUC=0.5 基本不可用）。
6.工程开发与部署
模型序列化 → 存储 → 加载 → API 调用。
实时场景：在线 Web 服务；批处理场景：离线任务。
7.上线与持续迭代
上线后做 AB 测试验证业务提升。
监控模型表现，效果衰减时及时迭代。

3️⃣ PM 在流程中的核心价值
翻译官：把业务目标转成算法可落地的技术需求。
特征挖掘者：基于业务洞察提供可提升模型效果的特征。
质量守门员：懂核心评估指标，敢于质疑模型质量。
成本控制者：平衡模型精度、算力消耗与上线周期。

📌 一句话总结
 AI PM 不是算法专家，但必须是懂业务又懂算法边界的项目总导演，能在全流程中既守住效果，又推进落地。",Day14 AI 模型落地全流程.png,https://www.xiaohongshu.com/discovery/item/689f6154000000001b01c568?source=webshare&xhsshare=pc_web&xsec_token=ABP1gp1wWxl8W4Fv1r0dKYs7C2-wQRU6NrPbtoKyqrCmo=&xsec_source=pc_share,【Day14】AI 模型的构建过程,
Python虚拟环境与面向对象编程,学习笔记｜100 天成为AI产品经理 Day13/100,2025/08/13,小红书封面 Day13.png,"🚶 动作：学习 Python 编程的虚拟环境与面向对象编程思想，学习类、对象、实例、属性、方法等面向对象核心的概念。
🤔 思考：AI 产品经理学习 OOP 不是为了写代码，而是为了获得一种更贴合 AI 系统本质的思维方式。

对于 AI 产品经理，Python 不只是编程工具，更是沟通、验证、落地 AI 产品的桥梁。本篇聚焦两个关键主题——虚拟环境与面向对象思想，让我们能轻松理解工程师的设计逻辑。

1️⃣ 虚拟环境管理
作用：隔离项目依赖，避免版本冲突，保持环境整洁可控。
常用工具：
Miniconda：更全面，同时支持非Python 语言，适合数据科学、机器学习项目
venv：Python 自带，轻量易用
基础流程：
创建专属项目文件夹
在项目目录中初始化虚拟环境
激活环境后安装依赖
项目完成后停用环境
最佳实践：将依赖统一记录到 requirements.txt，便于团队同步环境。

2️⃣ 面向对象基础
类（Class）：抽象模板，定义事物的属性与方法
对象（Instance）：类的具体实例
实例化：每个实例在内存中是独立的，但可共享类的公共属性与方法
实例属性：可独立于类属性存在，不同对象可以有不同值
方法调用：通过“实例.方法”访问，Python 自动传递当前对象作为第一个参数

3️⃣ 构造方法与初始化
构造方法 __init__：在实例化时自动调用，用来为对象属性赋初值
优势：减少重复赋值、提升代码可维护性
适合将对象的关键信息一次性定义，避免后续遗漏

4️⃣ 一切皆对象
Python 中的字符串、列表、字典等都是类的实例
自定义类对象也可以像内置类型一样，被赋值、传递、作为函数返回值
实例对象是可变数据类型，修改属性会影响同一实例的所有引用

5️⃣ 类属性、类方法与静态方法
类属性：所有实例共享，适合存储全局统计信息
类方法：用 @classmethod 装饰，第一个参数是类对象本身，可直接访问类属性
静态方法：用 @staticmethod 装饰，无需类或实例参与，通常用于提供工具型功能

6️⃣ 面向对象的优势
封装：将数据与功能绑定，对外隐藏内部实现
继承：代码复用，子类可扩展父类功能
多态：同一接口适配不同对象类型，提升扩展性
可维护性：结构清晰、模块化，适应需求变化更轻松

🎯 总结
虚拟环境让项目依赖清晰可控，面向对象思想让产品经理能够用工程师的视角去理解系统结构。这种能力不仅能提升沟通效率，也能让你在技术方案评审、原型验证中更有底气。

PS：如需学习文档可评论或私聊免费获取，欢迎共同学习共同进步～","Day13 面向对象编程.png,Day13 虚拟环境搭建指令.png,Day13 虚拟环境的功能.png",https://www.xiaohongshu.com/discovery/item/689cb2bb000000001d025b2f?source=webshare&xhsshare=pc_web&xsec_token=ABbYOl7Q7rHBTfKOv0Ym6X-c2wg8vmB-43JQfB44cDiMM=&xsec_source=pc_share,【Day13】Python 编程——虚拟环境与面向对象思想,
Python 编程基础,学习笔记｜100 天成为AI产品经理 Day12/100,2025/08/12,小红书封面 Day12.png,"🚶 动作：学习Python 编程的基础，输出文档与思维导图。今天的笔记从整体的视角，整理了 Python 编程中最主要的模块和内容。
🤔 思考：学习 Python 更重要的是学习编程思想，这是减轻产品与研发 gap 的重要途径。

对于 AI 产品经理，Python 是连接产品构思与模型落地的“第二语言”。它不仅是开发的工具，也是验证想法、调试数据、与算法工程师沟通的桥梁。以下是今日学习内容。

1️⃣ 环境与基础
安装环境：Python 官网（python.org）
IDE 推荐：VS Code / PyCharm
核心类型：整数、浮点、字符串、布尔、列表、元组、集合、字典
类型转换：int ↔ float、str ↔ int/float、list ↔ tuple/set、dict ↔ list

2️⃣ 运算符与逻辑思维
算术运算：+ - * / // % **
比较运算：== != > < >= <=
逻辑运算：and or not
位运算：& | ^ ~ << >>
成员与身份：in / not in、is / is not

3️⃣ 控制结构与流程
条件判断：if / elif / else
循环：for（遍历）、while（条件执行）
流程控制：break / continue / pass
异常处理：try / except / else / finally

4️⃣ 函数与复用
参数类型：位置、默认、可变位置（*args）、关键字（**kwargs）、仅限位置、仅限关键字
匿名函数：lambda
闭包：保存外层函数变量
变量作用域：局部变量与全局变量（global）

5️⃣ 数据结构
列表（list）：可变有序
元组（tuple）：不可变有序
集合（set）：无序唯一
字典（dict）：键值对映射
基本操作：增、删、改、查

6️⃣ 模块化与包
模块：单个 .py 文件
包：包含 __init__.py 的目录
导入方式：import、from ... import ...、相对导入

7️⃣ 面向对象思维（OOP）
基本概念：类与对象
封装：隐藏实现细节
继承：代码复用
多态：同一接口多种实现
方法类型：实例方法 / 类方法 / 静态方法
魔法方法：__init__、__str__、__len__ 等

8️⃣ 第三方库与生态
获取途径：PyPI（pip install <库名>）
常用命令：安装、升级、卸载、查看、导出依赖
常见库：pandas、matplotlib、requests、openai

🎯 总结
AI 产品经理掌握 Python，可以在数据处理、原型验证、接口调试、模型测试等环节大幅提升效率。重点是灵活应用核心语法与常用库，实现快速验证与落地执行。","Day12 Python 基础 P2.png,Day12 Python 基础 P3.png,Day12 Python 基础 P1.png,Day12 快速学习 Python.png",https://www.xiaohongshu.com/discovery/item/689b4789000000001d034c76?source=webshare&xhsshare=pc_web&xsec_token=ABG9l2s3V5_0t5MVwyrkAz9TEQ24ZoFkcinexx8sRVFlk=&xsec_source=pc_share,【Day12】Python 编程——基础篇,
AI 产品经理通识,学习笔记｜100 天成为AI产品经理 Day11/100,2025/08/11,小红书封面 Day11.png,"🚶 动作：今天学习 AI 产品经理通识，即 AI 产品经理需要懂的内容，是一个比较概况的学习，但对自己了解 AI 产业结构有较大帮助。
🤔 思考：AI产品经理不是简单“会点AI术语”，而是要懂行业、懂技术、能落地。

1️⃣ 先想清楚：什么是AI？
人工智能（AI）就是让系统能像人类一样理性地思考和行动。
但要注意，现实中的AI大多是特定领域AI，比如搜索引擎、人脸识别、语音助手，离电影里“万能机器人”还很远。
两个必须掌握的概念：
机器学习（ML）：让机器从历史数据中找到规律，再预测未来。
深度学习（DL）：机器学习的升级版，用神经网络处理海量数据，效果好，但算力消耗大、成本高。

2️⃣ AI产业的三层结构
理解产业结构很重要，这决定了你该往哪一层去深耕：
基础层：芯片、云服务、数据服务、机器学习平台。例子：寒武纪、阿里云。
技术层：提供通用AI技术能力，如计算机视觉、语音识别、自然语言处理。例子：商汤、依图、旷视。
应用层：将AI能力嵌入具体业务场景。例子：抖音的个性化推荐、美颜，滴滴的智能派单、安全检测。
📌 结论：应用层机会最多、转型门槛低；基础层门槛高、技术壁垒强；技术层适合算法背景的人。

3️⃣ AI落地的典型行业
金融风控：用机器学习预测还款意愿与能力，提升审批效率（蚂蚁集团、京东数科）。
智能支付：人脸识别、指纹识别等技术，让支付更快（蚂蚁金服、云从科技）。
智能安防：识别人脸、车牌、行为，用于公安、交通等场景（海康威视、商汤）。
智能客服：语音识别 + 知识图谱，让客服更高效（百度、云知声）。

4️⃣ AI产品经理的三种方向
基础层：要懂硬件、芯片、嵌入式技术、算力和数据治理。适合硬件研发或底层技术背景的人。
技术层：要懂通用AI技术（ASR/TTS/CV/NLP）和接口能力。适合算法工程师或技术产品经理。
应用层：要有行业洞察力，懂AI基础知识，能与算法团队配合落地。最适合有业务经验的互联网产品经理转型。

📍 最后思考
我更适合哪一层？还差哪些技能？我的目标行业里，AI能带来怎样的业务价值？
带着这些问题学习，会让路径更清晰。",Day11 AI 产品经理通识.png,https://www.xiaohongshu.com/discovery/item/689b31e5000000001d01dd0d?source=webshare&xhsshare=pc_web&xsec_token=ABG9l2s3V5_0t5MVwyrkAz9Z0trgdHFSpQBiGLybQQgVE=&xsec_source=pc_share,【Day11】AI 基础导论——AI 产品经理通识,
AI 主要任务与应用场景,学习笔记｜100 天成为AI产品经理 Day10/100,2025/08/10,小红书封面 Day10.png,"🚶 动作：学习 Datawhaler 社区关于“人工智能核心任务与应用场景”的文章，并总结学习笔记。
🤔 思考：AI涉及领域广泛，功能强大，能在自身业务领域下，选择合适的 AI 能力完成需求，是 AI 产品经理的基本能力。

📌 产品经理必修课 | 一文读懂人工智能 8 大核心任务与应用场景

作为产品经理，理解人工智能（AI）的主要任务，不仅是为了“跟风热点”，更是为了在产品规划、需求分析、商业化落地中精准把握技术可行性与用户价值。

1️⃣ 分类任务
分类是机器学习的基本功——把事物分门别类。无论是邮件反垃圾（好/坏邮件），还是医学影像良恶性肿瘤识别，背后都是有监督学习的映射能力。多标签分类更进一步，比如一篇新闻同时属于“政治”“国际关系”。对 PM 而言，这意味着我们要明确数据标签体系，才能保障模型输出符合业务逻辑。

2️⃣ 回归任务
回归是数值预测的武器。预测房价、股价、销售额，本质是挖掘连续变量之间的关系。产品设计中，需要考虑数据的实时性、特征选择、预测精度与可解释性，才能让预测结果真正指导运营策略。

3️⃣ 计算机视觉
让机器“看懂世界”。从人脸解锁到工业质检，从自动驾驶到病灶检测，CV 技术贯穿硬件和软件产品链。发展历程从 CNN 到 ViT，PM 要关注的不仅是准确率，还要评估数据采集成本、隐私合规与延迟要求。

4️⃣ 自然语言处理（NLP）
让机器“听懂”与“说出”。无论是智能客服、舆情分析，还是个性化教育，NLP 技术的演进（规则→统计→神经网络→大模型）带来的是交互方式的质变。产品落地时要权衡理解能力、生成质量与错误成本。

5️⃣ 推荐系统
解决信息过载的利器。抖音、淘宝、Netflix 背后都是精细化推荐逻辑。PM 需要理解冷启动、召回与排序策略，保证用户既能发现兴趣，也能被“惊喜”打动。

6️⃣ 语音识别与生成
让机器“有耳有口”。从智能音箱到 TTS 配音，语音技术提升了无屏交互体验。关键是考虑噪声环境适应、情感调节和多说话人个性化，才能让语音产品不显机械。

7️⃣ 决策优化
帮助在复杂选择中找到最优解。供应链调度、金融投资、医疗诊断背后，都是优化算法和实时数据融合的成果。PM 需要与算法团队明确约束条件与优化目标，避免“理论最优但业务不可用”的尴尬。

8️⃣ AIGC
内容生产的新范式。从文案到视频，从音乐到跨模态创作，AIGC 不只是降本增效，更重塑创作流程和商业模式。但 PM 要注意版权、内容安全与生成质量控制。

✅ 总结：
AI 不是万能药，但掌握其核心任务与应用逻辑，能让产品经理在技术和业务之间架起桥梁。下次在 PRD 里写“AI 赋能”时，你就能用专业的逻辑去说服老板和开发——而不是一句“加个 AI 就行”。

PS：更多内容请见思维导图，需要更详细原文的小伙伴可以私信戳我～","Day10 人工智能应用领域.png,Day10 人工智能主要任务.png",https://www.xiaohongshu.com/discovery/item/6898c630000000002302ef88?source=webshare&xhsshare=pc_web&xsec_token=ABRR01b9Hu9ZDN-YaTG3-cg9nZ1BvZQuP2QQ-Se4KbR6k=&xsec_source=pc_share,【Day10】AI 基础导论——人工智能核心任务与应用场景,
AI 简介与发展历史,学习笔记｜100 天成为AI产品经理 Day9/100,2025/08/09,小红书封面 Day9.png,"🚶 动作：向 AI 进军～ 从今天开始，结束产品通识学习，开始学习 AI 产品相关知识。
🤔 思考：人工智能也是人类设计的机器或程序，本质上还是基于数据和数据。

人工智能语言模型简介 & 发展历史

一、人工智能是什么？1.1 定义
人类设计的机器执行与人类智能相对标的行为
多学科交叉产物：数学、计算机科学、心理学、神经科学等
核心能力：推理、判断、决策、感知、理解、创作
1.2 核心方法
🤖机器学习
定义：让计算机从数据中学习模式和规律
类型：监督学习、无监督学习、强化学习
重要模型：神经网络（模仿人脑神经元设计）
🧠深度学习
定义：利用多层神经网络模拟人脑处理方式
特点：自动学习数据中的高级抽象和表示
应用领域：图像识别、自然语言处理

二、人工智能怎么来的？
2.1 关键历史节点
图灵的贡献（1936-1950）
图灵机：计算机理论基础
图灵测试：判断机器是否具备智能的标准
第一台电子计算机（1946）
冯·诺依曼团队制造ENIAC
标志人类进入信息化时代
达特茅斯会议（1956）
首次使用""人工智能""术语
标志人工智能学科正式诞生
2.2 三大学派
符号主义：基于符号与规则复刻人类思维
联结主义：模拟大脑神经元连接与学习机制
行为主义：基于控制论，融合系统论和信息论
2.3 发展周期
第一次发展周期（1956-1970s）
高峰：符号主义繁荣，专家系统兴起
低谷：技术瓶颈导致研究热情下降
第二次发展周期（1980s-1990s）
高峰：专家系统广泛应用，反向传播算法提出
低谷：个人PC普及使专家系统被舍弃
第三次发展周期（2010s至今）
关键突破：深度学习崛起，Transformer模型，GPT系列
里程碑：AlphaGo战胜李世石（2016），ChatGPT问世（2022）

三、人工智能怎么用？
3.1 生活方面
智能助手：语音助手、行程规划
推荐系统：视频/音乐平台个性化推荐
自动驾驶：实时路况分析与安全驾驶
语言翻译：实时翻译与跨语言交流
医疗健康：医学影像分析、辅助诊断
环境保护：环境监测、自然灾害预测
3.2 工作方面
在线客服：智能问答系统
艺术创作：音乐、绘画、写作辅助
金融领域：市场趋势预测、投资决策辅助
3.3 学习方面
个性化辅导：定制学习计划
资源优化：动态调整学习内容难度
特殊教育：为残障或学习困难学生提供支持

作为产品经理，我们要像 1950 年的图灵一样去思考：“机器能做什么？”，更要像 2020 年的 PM 一样去落地：“它能为用户创造什么价值？”",Day9 AI 简介 & 发展历史.png,https://www.xiaohongshu.com/discovery/item/689775570000000023039497?source=webshare&xhsshare=pc_web&xsec_token=ABUqfVbxvQ0ReAwpzhSbMA6upjEs94JnQMejZEwR_zQDU=&xsec_source=pc_share,【Day9】AI 基础导论——AI 简介 & 发展历史,
提醒与避坑篇,学习笔记｜100 天成为AI产品经理 Day8/100,2025/08/08,小红书封面 Day8.png,"🚶 动作：今天是产品经理通识部分的最后一篇，关注在前面没有提及的提醒和避坑
🤔 思考：快是互联网产品的特点，但快中也要有慢，更要有序

在快节奏的互联网世界，产品经理常常被推到“快就是好”的浪潮中。但真正的高手，不只是追求速度，还能在速度中保持方向与质量。今天这篇，是我根据《腾讯未来产品经理创造营》整理的“提醒与避坑”笔记，帮助我们少踩坑、多沉淀。

一、为什么“快”这么重要？
1. 互联网产品迭代快的根本原因有两个：
竞争激烈，用户注意力稀缺——相比传统软件，用户耐心更短，产品需要不断更新来抓住注意力。
工具链成熟，开发成本低——更新成本下降，让频繁迭代成为可能。
2. “快”不是蛮干，而是包含四种维度：
图像快：需求更新频率高，团队协作顺畅。
试错快：从0到1验证快，敢试敢错。
转型快：发现趋势及时调整方向。
内容快：对热点反应敏捷，匹配市场节奏。
但要记住，快中有美，快不等于浮躁。

二、风险管理要放在第一位
1. 产品经理不能只盯着功能和体验，还要学会管风险。风险主要分两类：
黑天鹅：比喻极小概率发生、却影响重大的事件（如安全事故、重大负面舆情）。
灰犀牛：早就存在却被忽视的巨大风险（如长期被抱怨的隐私问题）。
2. 常见五类产品风险：信息泄漏、人为操作、法律法规、品牌、公众。
3. 应对思路：
及时识别风险——建立监控和预警机制。
建立防范流程——信息、人员、合规多维度防护。
服务系统化——定期复盘，形成应急预案。
重视终止机制——在风险超出可控范围时，果断下线或暂停。

三、避坑指南
1. 需求挖掘模块
避坑① 不脱离核心场景满足虚需求。
避坑② 不要试图满足所有人的“野心”。
避坑③ 不盲目追随用户反馈，要判断是否来自核心用户群。
避坑④ 不因短期竞争而曲线自我增长。
2. 产品策略模块
避坑① 不为竞争而竞争。
避坑② 不因商业化收入牺牲用户体验。
3. 需求落地模块
避坑① 不用虚假需求替代真实需求。
避坑② 不被虚荣数据迷眼。
避坑③ 不为追求点击率而伤害用户。

四、给产品经理的三句话
速度是武器，不是目的。保持快节奏的同时，要确保产品方向正确。
风险是底线，不可触碰。无论多好的创意，如果风险不可控，就要停下。
成长靠避坑，不是踩坑。学会从前人经验中吸取教训，才能走得更远。

📌 结语：
作为产品经理，提醒自己——速度要有节奏，风险要有预案，欲望要有边界。真正的高手，是能在高速公路上稳稳握住方向盘的人。

 ﻿#产品经理[话题]#﻿  ﻿#学习日常[话题]#﻿ ","Day8 避坑指南.png,Day8 提醒.png",https://www.xiaohongshu.com/discovery/item/689628b3000000002303843d?source=webshare&xhsshare=pc_web&xsec_token=GBqMnhs6uVoYL3hIF9QA-c8ZTZH3wkg0QTx5knLqTZunc=&xsec_source=pc_share,【Day8】产品经理通识——提醒和避坑篇,
产品运营,学习笔记｜100 天成为AI产品经理 Day7/100,2025/08/07,小红书封面 Day7.png,"🚶 动作：今天学习产品运营的内容，收货颇多。
🤔 思考：“好产品是1，而运营是在后面不断加0，是变成10、100，还是1亿，都取决于运营做得好不好。”产品经理需要知道产品运营技巧，也需要懂业务指标，得业务者得天下。

🎯 1. 运营分工与产品阶段的增长核心 
三类运营分工：使命各不同
1️⃣ 拉新运营：吸引新用户，典型方法有渠道投放、裂变传播、活动促销等。
2️⃣ 促活运营：提升用户活跃度，通过内容运营、社群互动，让用户“留得住”。
3️⃣ 品牌运营：建立长效护城河，借助短视频、KOL投放等做心智占领。
产品四阶段的运营重点
初创期：帮产品验证价值，制造口碑。
成长期：大规模拉新裂变，提升留存和活跃。
成熟期：深挖用户价值，强化品牌特色，提高复购率与用户忠诚度。
衰退期：优化存量用户收益，推动产品迭代，甚至扩展品类布局。
清楚不同阶段的重点任务，运营更有的放矢！

🚀 2. 三种快速增长的运营方法 
1️⃣ 抓热点：制作符合节日、事件热点的活动内容。比如情人节送礼打折促销等，借社会话题快速破圈。
2️⃣ 玩裂变：借助社交驱动，比如拼团砍价、邀请好友领优惠等裂变玩法，实现指数级增长。
3️⃣ 跨界合作：结合其他品类优势，共创事件曝光。例如传统品牌与新兴IP的联动营销，强势出圈。

📊 3. 数据引领增长：从AARRR到精细化验证 
掌握AARRR模型：增长五步曲
用户获取（Acquisition）：广告投放、种草等拉新策略吸引用户。
激活用户（Activation）：设计用户“初体验”亮点，完成关键任务。
用户留存（Retention）：促进用户持续回访，通过社区或推送保持粘性。
用户转化（Revenue）：通过促销、复购设计实现盈利。
用户传播（Referral）：老用户带动新用户，比如邀请奖励机制。
数据驱动优化闭环
漏斗分析：找出用户流失点，优化关键环节。
A/B测试：不断用对比实验选择最优方案。
数据复盘：成功扩大化，失败重新调优，形成精细化闭环。

核心总结：增长底层逻辑 ⬇
1️⃣ 因地制宜分工协作：拉新、促活、品牌三者联动。
2️⃣ 匹配产品生命周期：明确阶段重点，如初创期做用户验证，成长期要大规模裂变。
3️⃣ 数据驱动的科学优化：指标导向、定量分析，不断提升运营效率。
运营本质是策略+数据的实践，只有做深做准，才能实现产品的长期增长！💡

 ﻿#产品经理[话题]#﻿ ﻿#产品运营[话题]#﻿ ﻿#学习笔记[话题]#﻿ ﻿#数据运营[话题]#﻿ ﻿#面试思路[话题]#﻿﻿","Day7 数据运营拉动产品增长.png,Day7 数据运营.png",https://www.xiaohongshu.com/discovery/item/6894d37100000000250179bd?source=webshare&xhsshare=pc_web&xsec_token=ABU8wNJr1S_RFZa1QwJ5pcirfH5G7kWvI-Cwv6RKjOpiI=&xsec_source=pc_share,【Day7】产品经理通识——产品运营篇,
需求落地,学习笔记｜100 天成为AI产品经理 Day6/100,2025/08/06,小红书封面 Day6.png,"🚶 动作：今天学习需求落地落地相关内容，今天的学习内容较少，明天将会补充新的知识。
🤔 思考：需求的评审机制尤为关键，这不仅关乎整体的产品质量，前期评审的完善，减少差错，能让后期与开发团队的合作更加顺畅。

今天学习《腾讯未来产品经理创造营》需求落地相关知识，整理了关于学习笔记，希望能对大家有所帮助。

🌟长周期产品：以系统化流程提升稳定性
长期项目管理过程中，项目方向调整往往会带来较大成本。在这方面，腾讯 IEG 的 GR 评审机制或许能提供一些启发：
✨GR 评审流程分为五个阶段，每个阶段都有重点关注方向：
GR1 概念期：着重明确核心创意与市场用户定位，为后续工作奠定基础
GR2 原型期：完成可验证原型设计，同时评估美术风格与技术实现可行性
GR3 试玩期：打磨核心玩法，制定量产计划并准备相关工具
GR4 封测期：完成全部开发工作，结合用户反馈进行优化，通过评审后进入内测阶段
GR5 公测期：依据数据表现评估项目价值，数据指标将影响后续资源投入

🔄短周期产品：通过迭代优化寻找最优解
在产品迭代过程中，精准把握用户需求至关重要。这里有几个实用方法可供参考：
1️⃣ 优化用户反馈机制
建立多样化的反馈渠道，并将其融入使用场景中。小规模的用户深度访谈，往往比大规模问卷调查更能获取有价值的信息。
2️⃣ 合理运用灰度发布
随机灰度：适用于整体功能测试
定向灰度：针对特定用户群体进行测试（如 QQ 厘米秀的推广方式）
邀请灰度：适合需要传播的新社交产品，有助于积累种子用户并实现自然增长
3️⃣ 善用 A/B Test
通过 A/B 测试对比不同设计方案，无论是按钮颜色、文案表述，还是业务流程，数据结果都能为决策提供客观依据。
4️⃣ 重视异常数据分析
腾讯视频曾通过分析 “播放完成度超 100%” 的异常数据，发现儿童用户反复观看的需求，进而开发出循环播放功能。

🚀发布前的关键准备工作
为确保项目顺利上线，以下几个方面的准备工作不容忽视：
✅ 产品层面：组织产品体验会，进行全面的 UI 检查与 Bug 排查
✅ 技术层面：提前进行压力测试，确保服务器性能满足上线需求
✅ 数据层面：完善数据埋点与报表设计，为后续数据分析提供支持
✅ 运营层面：准备好相关公告、常见问题解答与客服话术，提前做好舆情风险预案
产品需求落地是一个持续优化的过程，需要在各个环节严格把控，不断根据实际情况进行调整～

﻿#产品经理[话题]#﻿ ﻿#学习日常[话题]#﻿ ﻿#需求落地[话题]#﻿ ",Day6 需求落地.png,https://www.xiaohongshu.com/discovery/item/68938545000000002303818e?source=webshare&xhsshare=pc_web&xsec_token=ABEzEzxDdEP8fkqn_8SaJI_57ZfHABGPbzWr7a1eQ7ge8=&xsec_source=pc_share,【Day6】产品经理通识——需求落地,
产品设计,学习笔记｜100 天成为AI产品经理 Day5/100,2025/08/05,小红书封面 Day5.png,"🚶 动作：今天学习产品设计板块，既有侧重于美学的设计也有侧重于需求的设计。
🤔 思考：“你的产品的美感，不会超过你的审美能力”。产品经理为最终产品的用户体验负责，产品设计风格必须要个把控。

“你的产品的美感，不会超过你的审美能力”产品经理为最终产品的用户体验负责，产品设计风格则是产品与用户接触的一块敲门砖。（本笔记源自学习《腾讯未来产品经理创造营》）
一、产品设计之美
（一）产品设计的思维方式
战略层：聚焦产品整体规划，明确可为用户解决啥核心问题，给产品定好方向～
范围层：确定功能边界，啥该做、啥不做，别盲目拓展功能，把核心的先做精✨
结构层：别一上来就搞界面，先理清交互和信息架构，让产品逻辑通顺🧠
框架层：涉及界面、信息、导航设计，搭建产品 “骨架”，让用户好操作
表现层：视觉设计收尾，用好看的界面留住用户，颜值也很重要呀🌈
（二）从三个问题深入，理解人性设计之本
你的设计，是用户真正需要的吗？ 像微信 Tab 那样，贴合用户使用习惯，功能得 “踩中” 需求点，别做无用设计❌
你的设计，用户能懂吗？ 看微信支付流程，设计得自然、符合操作直觉，别让用户猜半天，降低理解成本～
你的设计，用户会一直喜欢吗？ 学学 QQ 个性聊天字，产品得有特色、有温度，让用户有参与感和认同感👫
（三）产品经理如何修炼设计力
多观察、多感受、多体会：深入用户场景，了解真实需求和痛点
多改、多参考：打磨设计细节，借鉴优秀案例，站在巨人肩膀成长
多洞察人性：抓住用户心理，设计出戳中人心的产品✨
二、产品设计，少走弯路
（一）没有设计，只剩解决问题
产品价值在于解决用户 “在哪儿、遇到啥问题”，设计得围绕真实问题展开，别搞虚的～
（二）从基础到高阶，按顺序收需求
以微信支付为例，需求分层级：
第一层级，满足资金的安全性和可用性相关的需求。
第二层级，满足用户体验相关的需求。
第三层级，满足扩展性和兼容性相关的需求。
第四层级，满足产业生态发展相关的需求。
（三）需求边界，如何拓展
看全民 K 歌从唱歌到社区，别搞 “推倒重来”，顺着用户需求自然延伸，逐步拓展功能边界，让产品持续生长🌱
（四）需求设计，过犹不及
别追求 100% 完美：先解决核心问题，快速验证迭代
避免定义理想终态：需求会变，灵活调整设计
保留变化余地：不确定的部分别死磕，给后续优化留空间，保持产品弹性♾️",Day5 产品设计.png,https://www.xiaohongshu.com/discovery/item/6892305f0000000005005858?source=webshare&xhsshare=pc_web&xsec_token=ABci5T3e1nXgxFfr2JCfWWc_Xgl3rZqpt7_oBIF59forA=&xsec_source=pc_share,【Day5】产品经理通识——产品设计,
产品规划与产品需求管理,学习笔记｜100 天成为AI产品经理 Day4/100,2025/08/04,小红书封面 Day4.png,"🚶 动作：今天进入到产品实践环节的学习，内容主要为产品规划与产品需求管理节奏。
🤔 思考：1. 产品功能上线容易，下线难，做好产品规划与管理十分重要。 2. 项目实践过程中，重要性、紧急性和成本三要素都应考虑，拿捏不定时，从用户角度出发做决定。

一、需求规划：产品人的 “解题公式”

把互联网产品想成 “大楼”🏠 需求就是每块 “砖”，解决用户问题、堆叠价值的过程，就是需求规划核心～

✨ 三步搞懂产品需求规划

第一步：锚定目标
先想清楚「谁用、啥场景、解决啥问题」！目标要像 “靶心”，比如：
🎤 全民 K 歌→极致满足唱歌需求
💻 腾讯会议→留住用户、让开会变丝滑
——找准方向，产品才不跑偏。

第二步：判断需求价值
别盲目堆功能！新增产品功能简单，下架产品功能难。用「定性 + 定量」筛需求：
定性：看用户 / 商业 / 社会价值
👉 例：游戏防沉迷系统，守护孩子（用户价值）+ 降家长焦虑（间接价值）+ 传企业责任（社会价值），一举三得
定量：用 A/B Test、建评估模型验证
👉 例：QQ 音乐靠 “单日发歌人数对比” 优化策略，数据说话更硬

第三步：定 Roadmap
把目标拆成 “里程碑” 明确 “先做哪个版本、后做啥”，每个版本 “理性取舍”，简单直接才落地～

二、需求管理节奏：快与慢、重与急的平衡⚖️

做产品别死磕 “快 / 稳”，得看场景：
1. 该快必须快：像 “天天 P 图” 追热点，慢一步就丢机会🔥
2. 慢是为了更快：如 “腾讯视频”，内容审核 / 体验打磨慢些，口碑稳了长期更 “快”💡

还可以用UIC 评估法平衡需求：
U（紧急度）、I（重要性）、C（成本）三者权衡，别让 “紧急但没用” 的需求打乱节奏，也别忽略 “重要但不急” 的长期价值！
三、划重点：产品经理底层逻辑📌
需求规划核心是 “回归用户价值”，管理节奏关键是 “平衡取舍”！记住这套逻辑，遇到需求不慌，从 “解题” 到 “落地”，一步步搭出好产品～",Day4 产品规划与产品需求管理.png,https://www.xiaohongshu.com/discovery/item/6890d945000000002302d7f5?source=webshare&xhsshare=pc_web&xsec_token=ABZwL9fqac5AmEmepox_EWIgag38VZ65Ph4HmzngULqDE=&xsec_source=pc_share,【Day4】产品经理通识——产品规划与产品需求管理,
行业竞争、产品定位与商业化,学习笔记｜100 天成为AI产品经理 Day3/100,2025/08/03,小红书封面 Day3.png,"🚶 动作：今日并学习总结《腾讯未来产品经理创造营》中“比”的部分，详细学习了行业竞争、产品定位与商业化。
🤔 思考：蓝海与红海各有优劣，蓝海固然让人向往，但也可能是“伪需求”的陷阱；红海看似拥挤，但仍有破局点。

刚梳理完产品经理知识体系里行业竞争格局、产品定位和商业化模式的内容，整理成小红书风格笔记分享给大家，一起学习进步呀✨

🔍 分析行业竞争格局
红海：现有产业、已知市场空间，竞争激烈，大家在存量里拼杀
蓝海：待开发的新产业、未知市场空间，充满机遇 🌊
如何找蓝海？——打破常规的 3 个思路超关键：
1. 别盯着和竞品一样的用户，挖掘新场景新需求对应的用户群
2. 跳出现有产业边界，重新定义用户问题和解决方案
3. 不被现有规则束缚，在趋势里找潜在市场（像网约车颠覆传统打车，就是典型案例）
红海有危机也有机会，比如诺基亚没跟上智能机浪潮，就被颠覆 📱
红海中也能找新机会，像 CDN 业务在传统网络服务里找到细分赛道

🎯 发掘优势，确定产品定位
产品定位思考维度，搞清楚这几个问题，定位才清晰：
1. 产品的用户是谁？在哪里？
2. 产品能满足用户在哪些场景下的什么需求？
3. 产品的核心能力是什么？
4. 产品的边界在哪里？

定位方法：马氏三问 + 3 方向
马氏三问层层剖析：新领域是否增长？不做用户会流失吗？做了能构建多大优势？

3 个定位方向超实用：
产品：靠独特内容 / 服务，成为用户首选
渠道：比竞品更高效触达用户（成本 / 效率优势）
生态：整合上下游，靠合作把服务做深做透

案例参考：拿全民 K 歌初期说，定位成 “有熟人关系链的 K 歌工具”，把唱歌和社交结合，一下抓住用户！

💰 确定产品的商业化模式
商业化核心模式
分 ToC（用户付费买产品 / 服务）和 ToB（输出能力，帮客户降本，自己分成）两种，根据业务选模式 📊
商业化要结合的点
符合产品特点：直销、增值服务、流量变现… 不同产品适配不同方式（像音乐 APP，部分曲库免费吸流，热门歌曲收费，就是典型玩法）
契合发展阶段：别超前也别滞后，跟着市场和产品生命周期走
考虑 “隐形商业”：把商业融入体验里，别让用户反感！比如满足用户个性化需求时，自然植入变现点，既赚💰又留客

产品经理进阶路上，吃透行业竞争、精准定位、合理商业化，才能让产品站稳脚跟、跑赢市场～大家一起加油呀，有新感悟评论区聊聊呀 👇

#产品经理 #学习笔记 #行业竞争 #产品定位 #商业化模式 #职场干货","Day3 产品定位.png,Day3 行业局势与商业化.png",https://www.xiaohongshu.com/discovery/item/688f967a000000002302031e?source=webshare&xhsshare=pc_web&xsec_token=ABxhNHe343RxB_bNUlCKZHfeNl_HDSzosuQaquLMb8FdM=&xsec_source=pc_share,【Day3】产品经理通识——对比,
产品与用户需求,学习笔记｜100 天成为AI产品经理 Day2/100,2025/08/02,小红书封面 Day2.png,"🚶动作：学习总结《腾讯未来产品经理创造营》中用户与产品相关的知识，收获满满。
🤔 思考：用户需求多种多样，不断变化。想要完全识别用户需求不可能，只能在变化中不断优化，不断进化。

分享环节：今天疯狂恶补产品知识，整理了超干货的需求挖掘模块笔记，内容来源于课程“腾讯未来产品经理创造营”。

01 互联网产品基础
👉 什么是产品？
有形的商品或无形的服务都算！核心是满足需求，真的有用～

👉 什么是产品经理？
要搞定这些事儿：需求分析、产品分析、产品规划、产品设计、产品落地，还得懂用户、懂市场、懂数据和技术！

👉 用户目的小分类
强目的性：明确知道自己要啥
弱目的性：有点模糊但有方向
无目的性：随便逛逛看心情
重点：用户在不同场景下，目的会变！得多观察他们咋用产品～

02 感受用户，找到需求
✨ 天赋选手的 “小白理论”
“五秒变白痴”—— 站在用户角度，像小白一样感受产品！为啥要这样？因为能精准抓痛点呀～

💪 没天赋？这样培养 “感受力”
静听法：调研时别瞎引导，让用户自己说
忘我法：给自己虚构个目标用户人设，代入！
模型法：比如玩家行为动机模型
习惯法：把同理心变成日常习惯（张小龙手机背面朝上，不被消息打扰，更专注观察生活～）

03 不断试错，校对需求
❓ 为啥要试错？
再完美的需求都有盲点！试错 + 进化，才能把损失降到最低～

💊 提升产品 “进化力” 的四大秘方
引导发声：让用户有地方说想法
灰度策略：（随机灰度）新功能给部分用户测，适合全局功能；（定向灰度）给细分群体测，精准匹配需求；（邀请灰度）找种子用户，还能靠邀请码裂变引流
善用实验：多搞 A/B 测试，用数据说话
关注异常：异常可能是问题，也可能是新机遇！

04 洞察趋势，预判需求
🔮 产品经理咋保持预判力？
盯紧技术突破：新技术可能带来新玩法
关注生态链条：看看上下游有啥新机会
洞察世代变迁：不同代际需求差很多！

💡 预判小技巧
革新原有生态链，降本提效
服务新生态链，让产品更完善
借大公司技术革新，低成本搞小创新

今天的笔记就到这儿！感觉对产品思维又清晰了一点～ ","Day2-2 内容.png,Day2-1 内容.png",https://www.xiaohongshu.com/discovery/item/688dfa3f000000002301b4cc?source=webshare&xhsshare=pc_web&xsec_token=ABtD7sgbFi9d21NQzfMjXdEJ49wOk7Jy4Y98pCqO2Pkyo=&xsec_source=pc_share,【Day2】产品经理通识——产品与用户,
规划,学习笔记｜100 天成为AI产品经理 Day1/100,2025/08/01,小红书封面 Day1.png,"🚶 动作：今日查看了很多小红书的帖子，有太多不同的 AI 学习路径了，根据他们的路径，我选择了快而精的实战路径，并规划接下来十周想做的事。
🤔 思考：1. 规划不在于完美，适合自己的就是最好的。2. 先开始，再完善。
Sean 的 10 周AI 产品经理学习规划（计划随着自己的学习进度变化，将实时调整）：
Week1：补齐产品经理通识
Week2：了解 AI 行业黑话，学 Prompt 工程
Week3-Week4： 补齐 AI 基础知识
Week5-Week6：RAG、微调、部署、蒸馏等方法实战
Week7-Week8：学习行业应用，搭建 Demo
Week9-Week10：完善项目，优化简历",,https://www.xiaohongshu.com/discovery/item/688cf23100000000230257bd?source=webshare&xhsshare=pc_web&xsec_token=ABY8zVgfjozwhxGXheW5Apjm6tJVBKdoAiP3HQHT4GHvc=&xsec_source=pc_share,【Day1】规划 100 天目标参考&小红书文章风格分析,
